Date,BW,Remark
2022/4/28,155,
2022/4/28,155,
2022/4/28,155,
2022/4/28,155,
2022/4/28,155,
2022/4/28,155,
2022/4/28,155,
2022/4/28,155,
2022/4/28,155,
2022/4/28,155,
2022/4/28,155,
2022/4/28,155,
2022/4/28,155,
2022/4/28,155,
2022/4/28,155,
2022/4/28,155,
2022/4/28,155,
2022/4/28,155,
2022/4/28,155,
2022/4/28,155,
2022/4/28,155,
2022/4/28,155,
2022/4/28,155,
2022/4/28,155,
2022/4/28,155,
2022/4/28,155,
2022/4/28,155,
2022/4/28,155,
2022/4/28,55,
2022/4/28,55,
2022/4/28,55,
2022/4/28,55,
2022/4/28,55,
2022/4/28,55,
2022/4/28,55,
2022/4/28,55,
2022/4/28,55,
2022/4/28,55,
2022/4/28,55,
2022/4/28,55,
2022/4/28,55,
2022/4/28,55,
2022/4/28,55,
2022/4/28,55,
2022/4/28,55,
2022/4/28,55,
2022/4/28,55,
2022/4/28,55,
2022/4/28,55,
2022/4/28,55,
2022/4/28,55,
2022/4/28,55,
2022/4/28,55,
2022/4/28,55,
2022/4/28,55,
2022/4/28,55,
2022/4/28,55,
2022/4/28,55,
2022/4/28,55,
2022/4/28,55,
2022/4/28,55,
2022/4/28,55,
2022/4/28,55,
2022/4/28,55,
2022/4/28,55,
2022/4/28,55,
2022/4/28,55,
2022/4/28,55,
2022/4/28,55,
2022/4/28,55,
2022/4/28,55,
2022/4/28,55,
2022/4/28,55,
2022/4/28,55,
2022/4/28,55,
2022/4/28,55,
2022/4/28,55,
2022/4/28,55,
2022/4/28,55,
2022/6/23,200,
2022/6/23,200,
2022/6/23,150,
2022/6/23,150,
2022/6/23,130,
2022/6/23,500,
2022/6/23,500,
2022/6/23,550,
2022/6/23,600,
2022/6/23,500,
2022/6/23,200,
2022/6/23,310,
2022/6/23,410,
2022/6/23,260,
2022/6/23,150,
2022/6/23,200,
2022/6/23,110,
2022/6/23,190,
2022/6/23,140,
2022/6/23,340,
2022/6/23,160,
2022/6/23,300,
2022/6/23,550,
2022/6/23,440,
2022/6/23,200,
2022/6/23,360,
2022/6/23,390,
2022/6/23,540,
2022/6/23,260,
2022/6/23,140,
2022/6/23,150,
2022/6/23,190,
2022/6/23,140,
2022/6/23,210,
2022/6/23,130,
2022/6/23,180,
2022/6/23,230,
2022/6/23,150,
2022/6/23,140,
2022/6/23,250,
2022/6/23,150,
2022/6/23,160,
2022/6/23,170,
2022/6/23,180,
2022/6/23,170,
2022/6/23,170,
2022/6/23,150,
2022/6/23,180,
2022/6/23,120,
2022/6/23,230,
2022/6/23,130,
2022/6/23,230,
2022/6/23,240,
2022/6/23,150,
2022/6/23,210,
2022/6/23,120,
2022/6/23,170,
2022/6/23,180,
2022/6/23,140,
2022/6/23,150,
2022/6/23,130,
2022/6/23,220,
2022/6/23,170,
2022/6/23,150,
2022/6/23,180,
2022/6/23,170,
2022/6/23,150,
2022/6/23,180,
2022/6/23,180,
2022/6/23,120,
2022/6/23,270,
2022/6/23,140,
2022/6/23,140,
2022/6/23,150,
2022/6/23,180,
2022/6/23,150,
2022/6/23,150,
2022/6/23,180,
2022/6/23,190,
2022/10/3,1160,
2022/10/3,830,
2022/10/3,860,
2022/10/3,740,
2022/10/3,1020,
2022/10/3,700,
2022/10/3,960,
2022/10/3,840,
2022/10/3,580,
2022/10/3,780,
2022/10/3,900,
2022/10/3,960,
2022/10/3,1140,
2022/10/3,920,
2022/10/3,760,
2022/10/3,960,
2022/10/3,760,
2022/10/3,820,
2022/10/3,860,
2022/10/3,1020,
2022/10/3,660,
2022/10/3,740,
2022/10/3,620,
2022/10/3,740,
2022/10/3,320,
2022/10/3,620,
2022/10/3,420,
2022/10/3,540,
2022/10/3,820,
2022/10/3,800,
2022/10/3,920,
2022/10/3,800,
2022/10/3,860,
2022/10/3,520,
2022/10/3,780,
2022/10/3,860,
2022/10/3,600,
2022/10/3,840,
2022/10/3,980,
2022/10/3,860,
2022/10/3,700,
2022/10/3,820,
2022/10/3,1280,
2022/10/3,800,
2022/10/3,760,
2022/10/3,980,
2022/10/3,720,
2022/10/3,1060,
2022/10/3,760,
2022/10/3,440,
2022/10/3,980,
2022/10/3,740,
2022/10/3,660,
2022/10/3,920,
2022/10/3,700,
2022/10/3,500,
2022/10/3,840,
2022/10/3,720,
2022/10/3,640,
2022/10/3,1000,
2022/10/3,760,
2022/10/3,640,
2022/10/3,860,
2022/10/3,1300,
2022/10/3,860,
2022/10/3,940,
2022/10/3,760,
2022/10/3,860,
2022/10/3,600,
2022/10/3,720,
2022/10/3,920,
2022/10/3,760,
2022/10/3,1280,
2022/10/3,800,
2022/10/3,700,
2022/10/3,760,
2022/10/3,640,
2022/10/3,560,
2022/10/3,1200,
2022/11/30,2130,
2022/11/30,901,
2022/11/30,1138,
2022/11/30,1591,
2022/11/30,1576,
2022/11/30,812,
2022/11/30,686,
2022/11/30,1084,
2022/11/30,702,
2022/11/30,686,
2022/11/30,788,
2022/11/30,1741,
2022/11/30,1807,
2022/11/30,1141,
2022/11/30,1189,
2022/11/30,1289,
2022/11/30,1258,
2022/11/30,792,
2022/11/30,897,
2022/11/30,939,
2022/11/30,1093,
2022/11/30,574,
2022/11/30,1220,
2022/11/30,761,
2022/11/30,1123,
2022/11/30,932,
2022/11/30,1062,
2022/11/30,551,
2022/11/30,874,
2022/11/30,795,
2022/11/30,1125,
2022/11/30,973,
2022/11/30,905,
2022/11/30,748,
2022/11/30,981,
2022/11/30,993,
2022/11/30,872,
2022/11/30,911,
2022/11/30,1077,
2022/11/30,991,
2022/11/30,1255,
2022/11/30,781,
2022/11/30,1247,
2022/11/30,702,
2022/11/30,887,
2022/11/30,1189,
2022/11/30,818,
2022/11/30,942,
2022/11/30,918,
2022/11/30,820,
2022/11/30,769,
2022/11/30,1050,
2022/11/30,879,
2022/11/30,918,
2022/11/30,604,
2022/11/30,728,
2022/11/30,1234,
2022/11/30,646,
2022/11/30,1005,
2022/11/30,791,
2022/11/30,1084,
2022/11/30,590,
2022/11/30,982,
2022/11/30,756,
2022/11/30,1048,
2022/11/30,1198,
2022/11/30,869,
2022/11/30,752,
2022/11/30,1079,
2022/11/30,1218,
2022/11/30,1095,
2022/11/30,764,
2022/11/30,1316,
2022/11/30,1131,
2022/11/30,706,
2022/11/30,929,
2022/11/30,514,
2022/11/30,766,
2022/11/30,561,
2022/11/30,838,
2022/11/30,990,
2022/11/30,1153,
2022/11/30,1139,
2022/11/30,994,
2022/11/30,1228,
2022/11/30,490,
2022/11/30,1170,
2022/11/30,1040,
2022/11/30,943,
2022/11/30,840,
2022/11/30,751,
2022/11/30,1251,
2022/11/30,1062,
2022/11/30,980,
2022/11/30,520,
2022/11/30,987,
2022/11/30,1216,
2022/11/30,1070,
2022/11/30,777,
2022/11/30,714,
2022/11/30,687,
2022/11/30,985,
2022/11/30,733,
2022/11/30,1273,
2022/11/30,997,
2022/11/30,943,
2022/11/30,1301,
2022/11/30,770,
2022/11/30,1481,
2022/11/30,921,
2022/11/30,1167,
2022/11/30,764,
2022/11/30,1183,
2022/11/30,933,
2022/11/30,877,
2022/11/30,615,
2022/11/30,789,
2022/11/30,1074,
2022/11/30,1059,
2022/11/30,897,
2022/11/30,809,
2022/11/30,920,
2022/11/30,843,
2022/11/30,981,
2022/11/30,1299,
2022/11/30,740,
2022/11/30,947,
2022/11/30,1094,
2022/11/30,1427,
2022/11/30,1282,
2022/11/30,1224,
2022/11/30,1121,
2022/11/30,1011,
2022/11/30,974,
2022/11/30,903,
2022/11/30,937,
2022/11/30,933,
2022/11/30,566,
2022/11/30,775,
2022/11/30,664,
2022/11/30,819,
2022/11/30,811,
2022/11/30,1121,
2022/11/30,914,
2022/11/30,994,
2022/11/30,840,
2022/11/30,902,
2022/11/30,752,
2022/11/30,833,
2022/11/30,670,
2022/11/30,721,
2022/11/30,875,
2022/11/30,712,
2022/11/30,1145,
2022/11/30,901,
2022/11/30,903,
2022/11/30,485,
2022/11/30,866,
2022/11/30,831,
2022/11/30,683,
2022/11/30,967,
2022/11/30,960,
2022/11/30,617,
2022/11/30,797,
2022/11/30,877,
2022/11/30,720,
2022/11/30,1136,
2022/11/30,697,
2022/11/30,1225,
2022/11/30,861,
2022/11/30,1159,
2022/11/30,1163,
2022/11/30,787,
2022/11/30,527,
2022/11/30,795,
2022/11/30,636,
2022/11/30,1322,
2022/11/30,728,
2022/11/30,1322,
2022/11/30,897,
2022/11/30,685,
2022/11/30,876,
2022/11/30,787,
2022/11/30,1213,
2022/11/30,468,
2022/11/30,953,
2022/11/30,743,
2022/11/30,935,
2022/11/30,835,
2022/11/30,1034,
2022/11/30,851,
2022/11/30,616,
2022/11/30,764,
2022/11/30,949,
2022/11/30,869,
2022/11/30,770,
2022/11/30,770,
2022/11/30,987,
2022/11/30,613,
2022/11/30,813,
2022/11/30,882,
2022/11/30,812,
2022/11/30,832,
2022/11/30,969,
2022/11/30,857,
2022/11/30,1195,
2022/11/30,868,
2022/11/30,1273,
2022/11/30,890,
2022/11/30,750,
2022/11/30,1131,
2022/11/30,1080,
2022/11/30,1181,
2022/11/30,1432,
2022/11/30,1391,
2022/11/30,847,
2022/11/30,989,
2022/11/30,1001,
2022/11/30,866,
2022/11/30,1226,
2022/11/30,1044,
2022/11/30,875,
2022/11/30,778,
2022/11/30,702,
2022/11/30,797,
2022/11/30,820,
2022/11/30,584,
2022/11/30,1149,
2022/11/30,765,
2022/11/30,915,
2022/11/30,824,
2022/11/30,1150,
2022/11/30,1594,
2022/11/30,1079,
2022/11/30,1185,
2022/11/30,1045,
2022/11/30,696,
2022/11/30,607,
2022/11/30,489,
2022/11/30,629,
2022/11/30,1105,
2022/11/30,1016,
2022/11/30,1137,
2022/11/30,978,
2022/11/30,1391,
2022/11/30,694,
2022/11/30,799,
2022/11/30,1308,
2022/11/30,1223,
2022/11/30,884,
2022/11/30,724,
2022/11/30,901,
2022/11/30,765,
2022/11/30,597,
2022/11/30,552,
2022/11/30,791,
2022/11/30,829,
2022/11/30,970,
2022/11/30,1020,
2022/11/30,896,
2022/11/30,997,
2022/11/30,842,
2022/11/30,985,
2022/11/30,1083,
2022/11/30,1285,
2022/11/30,1218,
2022/11/30,957,
2022/11/30,1052,
2022/11/30,652,
2022/11/30,1250,
2022/11/30,1009,
2022/11/30,1307,
2022/11/30,1098,
2022/11/30,993,
2022/11/30,794,
2022/11/30,580,
2022/11/30,857,
2022/11/30,845,
2022/11/30,999,
2022/11/30,780,
2022/11/30,1081,
2022/11/30,1049,
2022/11/30,815,
2022/11/30,665,
2022/11/30,919,
2022/11/30,712,
2022/11/30,1012,
2022/11/30,868,
2022/11/30,938,
2022/11/30,1316,
2022/11/30,911,
2022/11/30,873,
2022/11/30,796,
2022/11/30,724,
2022/11/30,872,
2022/11/30,897,
2022/11/30,1188,
2022/11/30,888,
2022/11/30,1133,
2023/5/17,331,
2023/5/17,299,
2023/5/17,269,
2023/5/17,366,
2023/5/17,275,
2023/5/17,204,
2023/5/17,282,
2023/5/17,475,
2023/5/17,316,
2023/5/17,402,
2023/6/25,680,
2023/6/25,580,
2023/6/25,590,
2023/6/25,640,
2023/6/25,540,
2023/6/25,420,
2023/6/25,570,
2023/6/25,730,
2023/6/25,560,
2023/6/25,900,
2023/7/24,589.3,
2023/7/24,615.1,
2023/7/24,508.7,
2023/7/24,492.3,
2023/7/24,538,
2023/7/24,690.2,
2023/7/24,655.7,
2023/7/24,538.4,
2023/7/24,549,
2023/7/24,409.1,
2023/7/24,540.5,
2023/7/24,493.5,
2023/7/24,465,
2023/7/24,432.1,
2023/7/24,468.4,
2023/7/24,529.4,
2023/7/24,503.8,
2023/7/24,499.7,
2023/7/24,758.4,
2023/7/24,527.4,
2023/7/24,610.1,
2023/7/24,324.8,
2023/7/24,536.4,
2023/7/24,517.3,
2023/7/24,508.1,
2023/7/24,447.7,
2023/7/24,425,
2023/7/24,531,
2023/7/24,633.7,
2023/7/24,528.6,
2023/7/24,501.4,
2023/7/24,520.4,
2023/7/24,517.8,
2023/7/24,478.8,
2023/7/24,581,
2023/7/24,720.9,
2023/7/24,542.7,
2023/7/24,304.3,
2023/7/24,371.8,
2023/7/24,515.4,
2023/7/24,597.9,
2023/7/24,577,
2023/7/24,533.9,
2023/7/24,552.4,
2023/7/24,428.1,
2023/7/24,354.3,
2023/7/24,529.7,
2023/7/24,371.1,
2023/7/24,547.6,
2023/7/24,560.6,
2023/7/24,386.4,
2023/7/24,808.2,
2023/7/24,896.6,
2023/7/24,499.1,
2023/7/24,558.1,
2023/7/24,655,
2023/7/24,498.6,
2023/7/24,591.7,
2023/7/24,711,
2023/7/24,828.1,
2023/7/24,569.1,
2023/7/24,727.5,
2023/7/24,917.5,
2023/7/24,679,
2023/7/24,422,
2023/7/24,406,
2023/7/24,545.5,
2023/7/24,573,
2023/7/24,420,
2023/7/24,485.4,
2023/7/24,627.7,
2023/7/24,651.4,
2023/7/24,537.5,
2023/7/24,534.5,
2023/7/24,534.6,
2023/7/24,710.3,
2023/7/24,812.2,
2023/7/24,624.3,
2023/7/24,515.7,
2023/7/24,633.2,
2023/7/24,756.8,
2023/7/24,475,
2023/7/24,624.6,
2023/7/24,802,
2023/7/24,911,
2023/7/24,617.6,
2023/7/24,645.9,
2023/7/24,776.3,
2023/7/24,522,
2023/7/24,687,
2023/7/24,568,
2023/7/24,412,
2023/7/24,909.1,
2023/7/24,579.1,
2023/7/24,534.4,
2023/7/24,483.7,
2023/7/24,492.9,
2023/7/24,624.6,
2023/7/24,566.9,
2023/7/24,608.3,
2023/7/24,405.5,
2023/7/24,623.9,
2023/7/24,618.1,
2023/7/24,555.2,
2023/7/24,543.1,
2023/7/24,574.3,
2023/7/24,896.7,
2023/7/24,512.9,
2023/7/24,593.5,
2023/7/24,355.9,
2023/7/24,744.4,
2023/7/24,611.1,
2023/7/24,600.9,
2023/7/24,564.9,
2023/7/24,698.7,
2023/7/24,654.9,
2023/7/24,464.5,
2023/7/24,401.4,
2023/7/24,540.5,
2023/7/24,608,
2023/7/24,608.6,
2023/7/24,962.9,
2023/7/24,633.4,
2023/7/24,640.3,
2023/7/24,515.7,
2023/7/24,680,
2023/7/24,494.8,
2023/7/24,523.9,
2023/7/24,417.1,
2023/7/24,552.3,
2023/7/24,600.3,
2023/7/24,392.7,
2023/7/24,760.6,
2023/7/24,610.2,
2023/7/24,785.5,
2023/7/24,441.2,
2023/7/24,730.1,
2023/7/24,561.9,
2023/7/24,433,
2023/7/24,553.5,
2023/7/24,806.5,
2023/7/24,551.4,
2023/7/24,464.8,
2023/7/24,653.4,
2023/7/24,555.8,
2023/7/24,559.9,
2023/7/24,566.3,
2023/7/24,713.5,
2023/7/24,567.9,
2023/7/24,644.8,
2023/7/24,374.3,
2023/7/24,743.5,
2023/7/24,443.9,
2023/7/24,762,
2023/7/24,928.6,
2023/7/24,580.5,
2023/7/24,299.9,
2023/7/24,492,
2023/7/24,729.3,
2023/7/24,634.7,
2023/7/24,715.5,
2023/7/24,818.9,
2023/7/24,539.1,
2023/7/24,380.8,
2023/7/24,764.2,
2023/7/24,538.9,
2023/7/24,624,
2023/9/11,660,
2023/9/11,413,
2023/9/11,491,
2023/9/11,389,
2023/9/11,499,
2023/9/13,873,
2023/9/22,599,
2023/9/22,650,
2023/9/22,502,
2023/9/22,655,
2023/9/22,422,
2023/9/22,654,
2023/10/2,325,
2023/10/2,348,
2023/10/2,741,
2023/10/2,677,
2023/10/2,411,
2023/10/2,645,
2023/10/2,330,
2023/10/2,622,
2023/10/2,313,
2023/10/2,604,
2023/10/3,575,
2023/10/3,650,
2023/10/3,544,
2023/10/3,520,
2023/10/3,570,
2023/10/3,635,
2023/10/3,688,
2023/10/3,730,
2023/10/3,580,
2023/10/3,415,
2023/10/5,339.8,
2023/10/5,387.8,
2023/10/5,741.5,
2023/10/5,380.9,
2023/10/5,599.1,
2023/10/5,528,
2023/10/5,383.4,
2023/10/5,407.1,
2023/10/5,943.5,
2023/10/5,543.7,
2023/10/5,474.3,
2023/10/5,490.8,
2023/10/5,721.9,
2023/10/5,514.7,
2023/10/5,441.4,
2023/10/5,598.7,
2023/10/5,520.3,
2023/10/5,711.7,
2023/10/5,614.9,
2023/10/5,544.5,
2023/10/5,619.2,
2023/10/5,432.3,
2023/10/5,678.8,
2023/10/5,692.1,
2023/10/5,567.1,
2023/10/5,394.7,
2023/10/5,389.8,
2023/10/5,654.4,
2023/10/5,389.3,
2023/10/5,388.8,
2023/10/5,434.9,
2023/10/5,412.3,
2023/10/5,418.5,
2023/10/5,556.6,
2023/10/5,702,
2023/10/5,377.9,
2023/10/5,549.2,
2023/10/5,673.4,
2023/10/5,711.8,
2023/10/5,578,
2023/10/5,596.6,
2023/10/5,499.3,
2023/10/5,565.5,
2023/10/5,379.2,
2023/10/5,542.2,
2023/10/5,638.5,
2023/10/5,557.9,
2023/10/5,674.4,
2023/10/5,703.2,
2023/10/5,868.4,
2023/10/5,670.8,
2023/10/5,365.1,
2023/10/5,793.3,
2023/10/5,484.4,
2023/10/5,440.4,
2023/10/5,970,
2023/10/5,441.6,
2023/10/5,663.1,
2023/10/5,689.6,
2023/10/5,631,
2023/10/5,586.9,
2023/10/5,467.4,
2023/10/5,495.9,
2023/10/5,690.2,
2023/10/5,336.5,
2023/10/5,473.4,
2023/10/5,714.9,
2023/10/5,782,
2023/10/5,459.9,
2023/10/5,503.9,
2023/10/5,390.6,
2023/10/5,725.9,
2023/10/5,510.3,
2023/10/5,496,
2023/10/5,659.6,
2023/10/5,637.7,
2023/10/5,550.3,
2023/10/5,740,
2023/10/5,509.6,
2023/10/5,679.4,
2023/10/5,404.6,
2023/10/5,459.3,
2023/10/5,853.8,
2023/10/5,500.5,
2023/10/5,343.4,
2023/10/5,665.9,
2023/10/5,690.2,
2023/10/5,409.9,
2023/10/5,536.2,
2023/10/5,330.7,
2023/10/5,381.2,
2023/10/5,539.9,
2023/10/5,555.6,
2023/10/5,697.5,
2023/10/5,525.3,
2023/10/5,604,
2023/10/5,525.9,
2023/10/5,703.1,
2023/10/5,521.3,
2023/10/5,491,
2023/10/5,461.8,
2023/10/5,689.2,
2023/10/5,401.7,
2023/10/5,555.8,
2023/10/5,693.7,
2023/10/5,446,
2023/10/5,586.4,
2023/10/5,418.7,
2023/10/5,592.4,
2023/10/5,596.6,
2023/10/5,555.8,
2023/10/5,431.1,
2023/10/5,500.3,
2023/10/5,577,
2023/10/5,474.1,
2023/10/5,553.3,
2023/10/5,429.6,
2023/10/5,380.3,
2023/10/5,752.9,
2023/10/5,617.9,
2023/10/5,729.7,
2023/10/5,503.5,
2023/10/5,545.4,
2023/10/5,401.4,
2023/10/5,522.7,
2023/10/5,725.2,
2023/10/5,488.5,
2023/10/5,478.1,
2023/10/5,450.2,
2023/10/5,486.6,
2023/10/5,487.7,
2023/10/5,424.6,
2023/10/5,318.8,
2023/10/5,301.8,
2023/10/5,719.8,
2023/10/5,468.9,
2023/10/5,589.1,
2023/10/5,585.9,
2023/10/5,618.5,
2023/10/5,684.7,
2023/10/5,653.8,
2023/10/5,482.9,
2023/10/5,343.7,
2023/10/5,445.7,
2023/10/5,664.6,
2023/10/5,638,
2023/10/5,408.4,
2023/10/5,479,
2023/10/5,533.3,
2023/10/5,371.6,
2023/10/5,455.4,
2023/10/5,592.8,
2023/10/5,421.3,
2023/10/5,499.3,
2023/10/5,552.4,
2023/10/5,316.3,
2023/10/5,490.9,
2023/10/5,685,
2023/10/5,579.6,
2023/10/5,614.4,
2023/10/5,715.2,
2023/10/5,469,
2023/10/5,487,
2023/10/5,473.6,
2023/10/5,443.6,
2023/10/5,618.8,
2023/10/5,517.8,
2023/10/5,510.7,
2023/10/5,540.5,
2023/10/5,433.4,
2023/10/5,512.4,
2023/10/5,653.1,
2023/10/5,492,
2023/10/5,528.4,
2023/10/5,409.1,
2023/10/5,684.1,
2023/10/5,428,
2023/10/5,413.7,
2023/10/5,592,
2023/10/5,444,
2023/10/5,493.7,
2023/10/5,534.7,
2023/10/5,611.8,
2023/10/5,490.9,
2023/10/5,542.4,
2023/10/5,546.4,
2023/10/5,517.6,
2023/10/5,450.3,
2023/10/5,415.4,
2023/10/5,486.5,
2023/10/5,567.7,
2023/10/5,553.7,
2023/10/5,464.6,
2023/10/5,472.3,
2023/10/5,424.8,
2023/10/5,614.3,
2023/10/5,538,
2023/10/5,589.2,
2023/10/5,442.7,
2023/10/5,621.7,
2023/10/5,727.5,
2023/10/5,478.2,
2023/10/5,348.1,
2023/10/5,452.6,
2023/10/5,525.4,
2023/10/5,724.2,
2023/10/5,390.8,
2023/10/5,532.8,
2023/10/5,444.9,
2023/10/5,587.4,
2023/10/5,684.1,
2023/10/5,461.5,
2023/10/5,445,
2023/10/5,452.4,
2023/10/5,580.9,
2023/10/5,629.4,
2023/10/5,610.4,
2023/10/5,456.8,
2023/10/5,348.8,
2023/10/5,676.2,
2023/10/5,856.7,
2023/10/5,686.2,
2023/10/5,369.8,
2023/10/5,547.6,
2023/10/5,715.4,
2023/10/5,420.9,
2023/10/5,383.5,
2023/10/5,441.8,
2023/10/5,272.2,
2023/10/5,679.7,
2023/10/5,449.4,
2023/10/5,478.8,
2023/10/5,512,
2023/10/5,644.1,
2023/10/5,488.7,
2023/10/5,590.6,
2023/10/5,604.6,
2023/10/5,419.8,
2023/10/5,440.5,
2023/10/5,352,
2023/10/5,708.7,
2023/10/5,336.6,
2023/10/5,627.9,
2023/10/5,544.8,
2023/10/5,477.1,
2023/10/5,630.5,
2023/10/5,419.9,
2023/10/5,458.9,
2023/10/5,352.6,
2023/10/5,446.4,
2023/10/5,595.4,
2023/10/5,482.6,
2023/10/5,614.2,
2023/10/5,772.4,
2023/10/5,493.3,
2023/10/5,469.1,
2023/10/5,405,
2023/10/5,617.6,
2023/10/5,595.3,
2023/10/5,443.6,
2023/10/5,480,
2023/10/5,760.7,
2023/10/5,472.4,
2023/10/5,418.7,
2023/10/5,569.3,
2023/10/5,790.3,
2023/10/5,494.5,
2023/10/5,430.1,
2023/10/5,686.7,
2023/10/5,446.6,
2023/10/5,498.5,
2023/10/5,309.4,
2023/10/5,417.5,
2023/10/5,342.6,
2023/10/5,391,
2023/10/5,480,
2023/10/5,629.5,
2023/10/5,470.4,
2023/10/5,585.3,
2023/10/5,572.1,
2023/10/5,551,
2023/10/5,522.7,
2023/10/5,682.8,
2023/10/5,466.2,
2023/10/5,482.8,
2023/10/5,555.2,
2023/10/5,450.4,
2023/10/5,257.5,
2023/10/5,572.9,
2023/10/5,506.8,
2023/10/5,575,
2023/10/5,501.6,
2023/10/5,650.2,
2023/10/5,671.3,
2023/10/5,511.9,
2023/10/5,630.2,
2023/10/5,487.5,
2023/10/5,576.2,
2023/10/5,737.5,
2023/10/5,338.4,
2023/10/5,600.4,
2023/10/5,475.6,
2023/10/5,592.1,
2023/10/5,685.8,
2023/10/5,540.6,
2023/10/5,816.2,
2023/10/5,446.4,
2023/10/5,516.7,
2023/10/5,630.6,
2023/10/5,524.5,
2023/10/5,511.8,
2023/10/5,589.3,
2023/10/5,635.4,
2023/10/5,354.9,
2023/10/5,410.1,
2023/10/5,457.7,
2023/10/5,370.2,
2023/10/5,597.2,
2023/10/5,666.1,
2023/10/5,510.7,
2023/10/5,564.6,
2023/10/5,559.5,
2023/10/5,513.9,
2023/10/5,724.3,
2023/10/5,611.3,
2023/10/5,293.1,
2023/10/5,433.3,
2023/10/5,574.8,
2023/10/5,344.1,
2023/10/5,503,
2023/10/5,544.2,
2023/10/5,306.7,
2023/10/5,417.3,
2023/10/5,518,
2023/10/5,489.2,
2023/10/5,384.7,
2023/10/5,456.7,
2023/10/5,529.1,
2023/10/5,597,
2023/10/5,662.8,
2023/10/5,435.5,
2023/10/5,390.8,
2023/10/5,477.7,
2023/10/5,649.3,
2023/10/5,497.6,
2023/10/5,457,
2023/10/5,521.8,
2023/10/5,393,
2023/10/5,430.5,
2023/10/5,278.7,
2023/10/5,528.3,
2023/10/5,424.3,
2023/10/5,515.2,
2023/10/5,306.2,
2023/10/5,505.1,
2023/10/5,417.2,
2023/10/5,658.8,
2023/10/5,384.7,
2023/10/5,428.4,
2023/10/5,409.2,
2023/10/5,474.9,
2023/10/5,644.8,
2023/10/5,380.1,
2023/10/5,370.6,
2023/10/5,637.8,
2023/10/5,451.8,
2023/10/5,621,
2023/10/5,540.7,
2023/10/5,504.7,
2023/10/5,663.7,
2023/10/5,608.5,
2023/10/5,723.8,
2023/10/5,547.9,
2023/10/5,615.4,
2023/10/5,482.1,
2023/10/5,563.1,
2023/10/5,834.6,
2023/10/5,574.1,
2023/10/5,598,
2023/10/5,476.5,
2023/10/5,448.4,
2023/10/5,630.1,
2023/10/5,419.1,
2023/10/5,565.9,
2023/10/5,468.9,
2023/10/5,421.2,
2023/10/5,450.1,
2023/10/5,564.1,
2023/10/5,525.9,
2023/10/5,603.9,
2023/10/5,499.7,
2023/10/5,509.9,
2023/10/5,491.8,
2023/10/5,725.6,
2023/10/5,473.8,
2023/10/5,698,
2023/10/5,498.3,
2023/10/5,579.3,
2023/10/5,587.2,
2023/10/5,510.3,
2023/10/5,532.2,
2023/10/5,826.1,
2023/10/5,774.4,
2023/10/5,466,
2023/10/5,778.7,
2023/10/5,403.8,
2023/10/5,337.8,
2023/10/5,528.1,
2023/10/5,508,
2023/10/5,439,
2023/10/5,804.4,
2023/10/5,857.6,
2023/10/5,596,
2023/10/5,566.2,
2023/10/5,554.6,
2023/10/5,818,
2023/10/5,390.3,
2023/10/18,725,
2023/10/18,608,
2023/10/18,1026,
2023/10/18,760,
2023/10/18,457,
2023/10/18,787,
2023/10/18,698,
2023/10/18,715,
2023/10/18,782,
2023/10/18,414,
2023/10/18,524,
2023/10/18,416,
2023/10/18,324,
2023/10/18,610,
2023/10/18,903,
2023/10/18,717,
2023/10/18,600,
2023/10/18,737,
2023/10/18,760,
2023/10/18,562,
2023/10/18,875,
2023/10/18,630,
2023/10/18,610,
2023/10/18,760,
2023/10/18,880,
2023/10/18,830,
2023/10/18,760,
2023/10/18,810,
2023/10/18,480,
2023/10/18,870,
2023/10/18,425,
2023/10/18,510,
2023/10/18,520,
2023/10/18,770,
2023/10/18,280,
2023/10/18,495,
2023/10/18,500,
2023/10/18,540,
2023/10/18,580,
2023/10/18,740,
2023/10/26,577.5,
2023/10/26,639.5,
2023/10/26,464,
2023/10/26,528.9,
2023/10/26,766.7,
2023/10/26,447.6,
2023/10/26,623.2,
2023/10/26,480.5,
2023/10/26,726.3,
2023/10/26,581.3,
2023/10/26,516.4,
2023/10/26,343.8,
2023/10/26,648.6,
2023/10/26,595.8,
2023/10/26,559.7,
2023/10/26,697.6,
2023/10/26,474.4,
2023/10/26,809.6,
2023/10/26,727.8,
2023/10/26,727,
2023/10/26,571.9,
2023/10/26,820.7,
2023/10/26,626.7,
2023/10/26,814.9,
2023/10/26,465.1,
2023/10/26,836.7,
2023/10/26,548.5,
2023/10/26,802.5,
2023/10/26,594.3,
2023/10/26,801.9,
2023/10/26,679.3,
2023/10/26,418.1,
2023/10/26,666.8,
2023/10/26,608,
2023/10/26,589.8,
2023/10/26,948.3,
2023/10/26,664.7,
2023/10/26,476,
2023/10/26,497.3,
2023/10/26,411.5,
2023/10/26,584.8,
2023/10/26,324.1,
2023/10/26,496.4,
2023/10/26,763,
2023/10/26,639.5,
2023/10/26,513.9,
2023/10/26,530.3,
2023/10/26,507.7,
2023/10/26,338.5,
2023/10/26,472.9,
2023/10/26,394.9,
2023/10/26,856.5,
2023/10/26,480.5,
2023/10/26,964.3,
2023/10/26,985.9,
2023/10/26,352.2,
2023/10/26,506.7,
2023/10/26,561.7,
2023/10/26,477.6,
2023/10/26,399.5,
2023/10/26,600.5,
2023/10/26,476.9,
2023/10/26,864.8,
2023/10/26,570.5,
2023/10/26,620.3,
2023/10/26,407.3,
2023/10/26,497,
2023/10/26,846.8,
2023/10/26,775.4,
2023/10/26,506.8,
2023/10/26,571.5,
2023/10/26,773.6,
2023/10/26,763.1,
2023/10/26,516.8,
2023/10/26,666.1,
2023/10/26,649.7,
2023/10/26,765,
2023/10/26,705.4,
2023/10/26,691,
2023/10/26,581.2,
2023/10/26,730.3,
2023/10/26,473.7,
2023/10/26,482.4,
2023/10/26,523.7,
2023/10/26,484.6,
2023/10/26,591.2,
2023/10/26,652.8,
2023/10/26,642.9,
2023/10/26,838,
2023/10/26,529.7,
2023/10/26,569.6,
2023/10/26,597.6,
2023/10/26,485.8,
2023/10/26,769.9,
2023/10/26,501.5,
2023/10/26,546.1,
2023/10/26,475.6,
2023/10/26,591.8,
2023/10/26,704.8,
2023/10/26,298.8,
2023/10/26,673,
2023/10/26,466.5,
2023/10/26,469.3,
2023/10/26,755.6,
2023/10/26,823.4,
2023/10/26,789.3,
2023/10/26,535,
2023/10/26,474.3,
2023/10/26,486.6,
2023/10/26,750,
2023/10/26,563.1,
2023/10/26,511.8,
2023/10/26,778.1,
2023/10/26,797.1,
2023/10/26,463.9,
2023/10/26,718.5,
2023/10/26,528,
2023/10/26,476.4,
2023/10/26,475.5,
2023/10/27,740,
2023/10/27,746,
2023/10/27,646,
2023/10/27,408,
2023/10/27,537,
2023/10/27,585,
2023/10/27,700,
2023/10/27,719,
2023/10/27,740,
2023/10/27,711,
2023/10/27,779,
2023/10/27,619,
2023/10/27,390,
2023/10/27,726,
2023/10/27,835,
2023/10/27,544,
2023/10/27,601,
2023/10/27,398,
2023/10/27,586,
2023/10/27,448,
2023/10/27,579,
2023/10/27,531,
2023/10/27,553,
2023/10/27,423,
2023/10/27,771,
2023/10/27,732,
2023/10/27,736,
2023/10/27,883,
2023/10/27,586,
2023/10/27,569,
2023/10/27,561,
2023/10/27,376,
2023/10/27,665,
2023/10/27,372,
2023/10/27,490,
2023/10/27,468,
2023/10/27,652,
2023/10/27,797,
2023/10/27,775,
2023/10/27,806,
2023/10/27,610,
2023/10/27,470,
2023/10/27,521,
2023/10/27,666,
2023/10/27,576,
2023/10/27,528,
2023/10/27,935,
2023/10/27,395,
2023/10/27,758,
2023/10/27,711,
2023/10/27,721,
2023/10/27,531,
2023/10/27,698,
2023/10/27,576,
2023/10/27,589,
2023/10/27,536,
2023/10/27,571,
2023/10/27,920,
2023/10/27,497,
2023/10/27,516,
2023/10/27,749,
2023/10/27,751,
2023/10/27,488,
2023/10/27,484,
2023/10/27,773,
2023/10/27,388,
2023/10/27,659,
2023/10/27,700,
2023/10/27,769,
2023/10/27,524,
2023/10/27,600,
2023/10/27,671,
2023/10/27,633,
2023/10/27,640,
2023/10/27,766,
2023/10/27,566,
2023/10/27,479,
2023/10/27,589,
2023/10/27,840,
2023/10/27,356,
2023/10/27,365,
2023/10/27,669,
2023/10/27,506,
2023/10/27,515,
2023/10/27,678,
2023/10/27,730,
2023/10/27,694,
2023/10/27,572,
2023/10/27,810,
2023/10/27,477,
2023/10/27,551,
2023/10/27,475,
2023/10/27,397,
2023/10/27,481,
2023/10/27,550,
2023/10/27,699,
2023/10/27,502,
2023/10/27,593,
2023/10/27,449,
2023/10/27,873,
2023/10/27,511,
2023/10/27,571,
2023/10/27,446,
2023/10/27,445,
2023/10/27,583,
2023/10/27,493,
2023/10/27,619,
2023/10/27,667,
2023/10/27,822,
2023/10/27,807,
2023/10/27,539,
2023/10/27,891,
2023/10/27,395,
2023/10/27,874,
2023/10/27,432,
2023/10/27,534,
2023/10/27,516,
2023/10/27,704,
2023/10/27,569,
2023/10/27,476,
2023/10/27,694,
2023/10/27,588,
2023/10/27,400,
2023/10/27,494,
2023/10/27,563,
2023/10/27,573,
2023/10/27,659,
2023/10/27,511,
2023/10/27,389,
2023/10/27,792,
2023/10/27,449,
2023/10/27,445,
2023/10/27,673,
2023/10/27,525,
2023/10/27,695,
2023/10/27,599,
2023/10/27,454,
2023/10/27,715,
2023/10/27,562,
2023/10/27,541,
2023/10/27,367,
2023/10/27,785,
2023/10/27,479,
2023/10/27,383,
2023/10/27,529,
2023/10/27,528,
2023/10/27,510,
2023/10/27,734,
2023/10/27,484,
2023/10/27,900,
2023/10/27,506,
2023/10/27,722,
2023/10/27,657,
2023/10/27,541,
2023/10/27,589,
2023/10/27,431,
2023/10/27,572,
2023/10/27,716,
2023/10/27,669,
2023/10/27,948,
2023/10/27,550,
2023/10/27,398,
2023/10/27,520,
2023/10/27,504,
2023/10/27,676,
2023/10/27,679,
2023/10/27,482,
2023/10/27,396,
2023/10/27,724,
2023/10/27,620,
2023/10/27,550,
2023/10/27,459,
2023/10/27,737,
2023/10/27,528,
2023/10/27,702,
2023/10/27,672,
2023/10/27,467,
2023/12/21,1700,
2023/12/21,960,
2023/12/21,620,
2023/12/21,1160,
2023/12/21,580,
2023/12/21,1100,
2023/12/21,1080,
2023/12/21,520,
2023/12/21,920,
2023/12/21,660,
2023/12/21,660,
2023/12/21,1020,
2023/12/21,660,
2023/12/21,620,
2023/12/21,500,
2023/12/21,840,
2023/12/21,840,
2023/12/21,780,
2023/12/21,960,
2023/12/21,540,
2023/12/21,580,
2023/12/21,600,
2023/12/21,1100,
2023/12/21,680,
2023/12/21,600,
2023/12/21,1380,
2023/12/21,660,
2023/12/21,500,
2023/12/21,740,
2023/12/21,460,
2023/12/21,560,
2023/12/21,420,
2023/12/21,820,
2023/12/21,520,
2023/12/21,840,
2023/12/21,520,
2023/12/21,380,
2023/12/21,460,
2023/12/21,540,
2023/12/21,1080,
2023/12/21,840,
2023/12/21,440,
2023/12/21,520,
2023/12/21,800,
2023/12/21,520,
2023/12/21,360,
2023/12/21,640,
2023/12/21,380,
2023/12/21,820,
2023/12/21,440,
2023/12/21,1000,
2023/12/21,840,
2023/12/21,840,
2023/12/21,1020,
2023/12/21,820,
2023/12/21,1100,
2023/12/21,920,
2023/12/21,740,
2023/12/21,740,
2023/12/21,680,
2023/12/21,660,
2023/12/21,240,
2023/12/21,900,
2023/12/21,892.7,
2023/12/21,871.9,
2023/12/21,512.7,
2023/12/21,724.8,
2023/12/21,779,
2023/12/21,688.6,
2023/12/21,746.8,
2023/12/21,520.1,
2023/12/21,418.7,
2023/12/21,942,
2023/12/21,628.8,
2023/12/21,370.1,
2023/12/21,983.8,
2023/12/21,774.3,
2023/12/21,684.5,
2023/12/21,785.9,
2023/12/21,974.1,
2023/12/21,941.9,
2023/12/21,694.4,
2023/12/21,757.4,
2023/12/21,780.9,
2023/12/21,641.6,
2023/12/21,472.9,
2023/12/21,505.8,
2024/5/17,472,大
2024/5/17,322,大
2024/5/17,378,大
2024/5/17,210,大
2024/5/17,298,大
2024/5/17,239,大
2024/5/17,218,大
2024/5/17,233,大
2024/5/17,193,大
2024/5/17,186,大
2024/5/17,149,中
2024/5/17,105,中
2024/5/17,139,中
2024/5/17,171,中
2024/5/17,184,中
2024/5/17,184,中
2024/5/17,159,中
2024/5/17,164,中
2024/5/17,160,中
2024/5/17,115,中
2024/6/25,426,大
2024/6/25,346,大
2024/6/25,394,大
2024/6/25,613,大
2024/6/25,770,大
2024/6/25,698,大
2024/6/25,561,大
2024/6/25,573,大
2024/6/25,531,大
2024/6/25,634,大
2024/6/25,318,中
2024/6/25,277,中
2024/6/25,272,中
2024/6/25,439,中
2024/6/25,405,中
2024/6/25,258,中
2024/6/25,289,中
2024/6/25,249,中
2024/6/25,268,中
2024/6/25,272,中
2024/8/9,1275,大
2024/8/9,1644,大
2024/8/9,1084,大
2024/8/9,1365,大
2024/8/9,1441,大
2024/8/9,1527,大
2024/8/9,1969,大
2024/8/9,1665,大
2024/8/9,1027,大
2024/8/9,1150,大
2024/8/9,949,大
2024/8/9,1718,大
2024/8/9,1543,大
2024/8/9,1220,大
2024/8/9,1523,大
2024/8/9,1821,大
2024/8/9,1241,大
2024/8/9,1229,大
2024/8/9,1076,大
2024/8/9,1153,大
2024/8/9,1721,大
2024/8/9,1664,大
2024/8/9,1383,大
2024/8/9,1167,大
2024/8/9,1708,大
2024/8/9,1053,大
2024/8/9,1150,大
2024/8/9,1460,大
2024/8/9,1507,大
2024/8/9,1668,大
2024/8/9,1574,大
2024/8/9,2000,大
2024/8/9,1777,大
2024/8/9,1513,大
2024/8/9,1187,大
2024/8/9,1750,大
2024/8/9,1623,大
2024/8/9,1646,大
2024/8/9,1642,大
2024/8/9,1477,大
2024/8/28,805,中
2024/8/28,475,中
2024/8/28,250,中
2024/8/28,475,中
2024/8/28,485,中
2024/8/28,440,中
2024/8/28,350,中
2024/8/28,405,中
2024/8/28,1140,中
2024/8/28,535,中
2024/8/28,520,中
2024/8/28,525,中
2024/8/28,730,中
2024/8/28,470,中
2024/8/28,525,中
2024/8/28,565,中
2024/8/28,545,中
2024/8/28,530,中
2024/8/28,355,中
2024/8/28,820,中
2024/8/28,730,中
2024/8/28,675,中
2024/8/28,470,中
2024/8/28,550,中
2024/8/28,530,中
2024/8/28,425,中
2024/8/28,440,中
2024/8/28,250,中
2024/8/28,550,中
2024/8/29,1285,大
2024/8/29,795,大
2024/8/29,540,大
2024/8/29,925,大
2024/8/29,770,大
2024/8/29,805,大
2024/8/29,690,大
2024/8/29,685,大
2024/8/29,890,大
2024/8/29,705,大
2024/8/29,740,大
2024/8/29,840,大
2024/8/29,590,大
2024/8/29,1160,大
2024/8/29,970,大
2024/8/29,820,大
2024/8/29,560,大
2024/8/29,575,大
2024/8/29,815,大
2024/8/29,1390,大
2024/8/29,850,大
2024/8/29,850,大
2024/8/29,860,大
2024/8/29,660,大
2024/8/29,645,大
2024/8/29,880,大
2024/8/29,735,大
2024/8/29,625,大
2024/8/29,990,大
2024/8/29,895,大
2024/8/29,1450,大
2024/8/29,800,大
2024/8/29,635,大
2024/8/29,970,大
2024/8/29,725,大
2024/8/29,800,大
2024/8/29,600,大
2024/8/29,1705,大
2024/8/29,1840,大
2024/8/29,1685,大
2024/8/29,1640,大
2024/8/29,1765,大
2024/8/29,1440,大
2024/8/29,1215,大
2024/8/29,1240,大
2024/8/29,805,大
2024/8/29,790,大
2024/8/29,1275,大
2024/8/29,760,大
2024/8/29,1030,大
2024/8/29,720,大
2024/8/29,755,大
2024/8/29,970,大
2024/8/29,690,大
2024/8/29,890,大
2024/8/29,815,大
2024/8/29,945,大
2024/9/9,698,中
2024/9/9,666,中
2024/9/9,712,中
2024/9/9,715,中
2024/9/9,826,中
2024/9/9,746,中
2024/9/9,745,中
2024/9/9,881,中
2024/9/9,745,中
2024/9/9,680,中
2024/9/9,601,中
2024/9/9,620,中
2024/9/9,747,中
2024/9/9,740,中
2024/9/9,657,中
2024/9/9,723,中
2024/9/9,685,中
2024/9/9,628,中
2024/9/9,525,中
2024/9/9,524,中
2024/9/9,197,中
2024/9/9,433,中
2024/9/9,312,中
2024/9/9,476,中
2024/9/9,326,中
2024/9/9,405,中
2024/9/9,565,中
2024/9/9,543,中
2024/9/9,450,中
2024/9/9,395,中
2024/9/9,553,中
2024/9/9,528,中
2024/9/9,585,中
2024/9/9,439,中
2024/9/9,480,中
2024/9/9,477,中
2024/9/9,551,中
2024/9/9,463,中
2024/9/9,486,中
2024/9/9,280,中
2024/10/7,659,大
2024/10/7,789,大
2024/10/7,662,大
2024/10/7,655,大
2024/10/7,869,大
2024/10/7,1031,大
2024/10/7,993,大
2024/10/7,603,大
2024/10/7,960,大
2024/10/7,895,大
2024/10/7,766,大
2024/10/7,572,大
2024/10/7,736,大
2024/10/7,1118,大
2024/10/7,730,大
2024/10/7,1408,大
2024/10/7,899,大
2024/10/7,1164,大
2024/10/7,1043,大
2024/10/7,1020,大
2024/12/4,825,大
2024/12/4,545,大
2024/12/4,660,大
2024/12/4,740,大
2024/12/4,715,大
2024/12/4,895,大
2024/12/4,710,大
2024/12/4,670,大
2024/12/4,1200,大
2024/12/4,935,大
2024/12/4,900,大
2024/12/4,765,大
2024/12/4,985,大
2024/12/4,730,大
2024/12/4,840,大
2024/12/4,870,大
2024/12/4,610,大
2024/12/4,860,大
2024/12/4,740,大
2024/12/4,760,大
2024/12/4,1555,大
2024/12/4,875,大
2024/12/4,795,大
2024/12/4,1155,大
2024/12/4,1530,大
2024/12/4,935,大
2024/12/4,520,小
2024/12/4,580,小
2024/12/4,430,小
2024/12/4,560,小
2024/12/4,505,小
2025/5/16,494,FP
2025/5/16,608,FP
2025/5/16,184,FP
2025/5/16,357,FP
2025/5/16,323,FP
2025/5/16,261,FP
2025/5/16,442,FP
2025/5/16,447,FP
2025/5/16,696,FP
2025/5/16,285,FP
2025/7/10,820,FP
2025/7/10,730,FP
2025/7/10,790,FP
2025/7/10,740,FP
2025/7/10,920,FP
2025/7/10,930,FP
2025/7/10,950,FP
2025/7/10,630,FP
2025/7/10,730,FP
2025/7/10,1200,FP
2025/7/10,580,FP
2025/7/10,740,FP
2025/7/10,1040,FP
2025/7/10,700,FP
2025/7/10,1310,FP
2025/7/10,710,FP
2025/7/10,770,FP
2025/7/10,1060,FP
2025/7/10,360,FP
2025/7/10,580,FP
2025/7/10,704,FP
2025/7/10,765,FP
2025/7/10,786,FP
2025/7/10,473,FP
2025/7/10,612,FP
2025/7/10,477,FP
2025/7/10,758,FP
2025/7/10,781,FP
2025/7/10,572,FP
2025/7/10,623,FP
2025/7/10,910,AW
2025/7/10,710,AW
2025/7/10,460,AW
2025/7/10,550,AW
2025/7/10,850,AW
2025/7/10,530,AW
2025/7/10,1500,AW
2025/7/10,980,AW
2025/7/10,760,AW
2025/7/10,950,AW
2025/7/10,1120,AW
2025/7/10,480,AW
2025/7/10,1030,AW
2025/7/10,770,AW
2025/7/10,620,AW
2025/7/10,760,AW
2025/7/10,910,AW
2025/7/10,540,AW
2025/7/10,790,AW
2025/7/10,960,AW
2025/7/10,868,AW
2025/7/10,656,AW
2025/7/10,821,AW
2025/7/10,681,AW
2025/7/10,804,AW
2025/7/10,1150,AW
2025/7/10,458,AW
2025/7/10,892,AW
2025/7/10,481,AW
2025/7/10,928,AW
2025/8/28,345,
2025/8/28,445,
2025/8/28,520,
2025/8/28,535,
2025/8/28,665,
2025/8/28,650,
2025/8/28,675,
2025/8/28,860,
2025/8/28,780,
2025/8/28,895,
2025/8/28,855,
2025/8/28,820,
2025/8/28,930,
2025/8/28,975,
2025/8/28,965,
2025/8/28,970,
2025/8/28,1100,
2025/8/28,1280,
2025/8/28,805,
2025/8/28,355,
2025/8/28,525,
2025/8/28,455,
2025/8/28,540,
2025/8/28,665,
2025/8/28,455,
2025/8/28,575,
2025/8/28,680,
2025/8/28,640,
2025/8/28,616,
2025/8/28,615,
2025/8/28,640,
2025/8/28,625,
2025/8/28,675,
2025/8/28,645,
2025/8/28,715,
2025/8/28,620,
2025/8/28,755,
2025/8/28,630,
2025/8/28,710,
2025/8/28,825,
2025/8/28,780,
2025/8/28,865,
2025/8/28,785,
2025/8/28,860,
2025/8/28,1060,
2025/8/28,1020,
2025/8/28,865,
2025/8/28,1015,
2025/8/28,705,
2025/8/28,295,
2025/8/28,360,
2025/8/28,525,
2025/8/28,435,
2025/8/28,530,
2025/8/28,600,
2025/8/28,395,
2025/8/28,535,
2025/8/28,565,
2025/8/28,525,
2025/8/28,620,
2025/8/28,530,
2025/8/28,650,
2025/8/28,640,
2025/8/28,715,
2025/8/28,830,
2025/8/28,875,
2025/8/28,745,
2025/8/28,825,
2025/8/28,790,
2025/8/28,690,
2025/8/28,835,
2025/8/28,735,
2025/8/28,885,
2025/8/28,835,
2025/8/28,910,
2025/8/28,940,
2025/8/28,910,
2025/8/28,835,
2025/8/28,895,
2025/10/17,417,
2025/10/17,564,
2025/10/17,495,
2025/10/17,657,
2025/10/17,879,
2025/10/17,616,
2025/10/17,857,
2025/10/17,964,
2025/10/17,1023,
2025/10/17,1085,
2026/5/18,250,大
2026/5/18,296,大
2026/5/18,317,大
2026/5/18,329,大
2026/5/18,400,大
2026/5/18,389,大
2026/5/18,143,大
2026/5/18,146,大
2026/5/18,291,大
2026/5/18,278,大
2026/5/18,137,小
2026/5/18,283,小
2026/5/18,56,小
2026/5/18,108,小
2026/5/18,104,小
2026/5/18,86,小
2026/5/18,133,小
2026/5/18,105,小
2026/5/18,127,小
2026/5/18,99,小
2026/7/22,340,小
2026/7/22,720,小
2026/7/22,370,小
2026/7/22,370,小
2026/7/22,220,小
2026/7/22,360,小
2026/7/22,480,小
2026/7/22,500,小
2026/7/22,510,小
2026/7/22,190,小
2026/7/22,460,小
2026/7/22,330,小
2026/7/22,480,小
2026/7/22,280,小
2026/7/22,250,小
2026/7/22,200,小
2026/7/22,300,小
2026/7/22,270,小
2026/7/22,290,小
2026/7/22,530,小
2026/7/22,"1,010",大
2026/7/22,770,大
2026/7/22,880,大
2026/7/22,520,大
2026/7/22,910,大
2026/7/22,900,大
2026/7/22,730,大
2026/7/22,860,大
2026/7/22,580,大
2026/7/22,"1,290",大
2026/7/22,570,大
2026/7/22,790,大
2026/7/22,740,大
2026/7/22,840,大
2026/7/22,760,大
2026/7/22,840,大
2026/7/22,500,大
2026/7/22,780,大
2026/7/22,"1,210",大
2026/7/22,160,大
2026/7/22,810,大
2026/7/22,970,大
2026/7/22,580,大
2026/7/22,660,大
2026/7/22,750,大
2026/7/22,"1,030",大
2026/7/22,800,大
2026/7/22,650,大
2026/7/22,890,大
2026/7/22,"1,250",大
2026/7/22,770,大
2026/7/22,670,大
2026/7/22,710,大
2026/7/22,"1,010",大
2026/7/22,"1,080",大
2026/7/22,"1,450",大
2026/7/22,840,大
2026/7/22,510,大
2026/7/22,"1,250",大
2026/7/22,920,大
