Date,Depth,Temp,Salinity
2024-05-25 04:00:00,5,9.72,33.34
2024-05-25 04:00:00,10,9.64,33.39
2024-05-25 04:00:00,15,9.08,33.58
2024-05-25 04:00:00,20,9.05,33.59
2024-05-27 04:00:00,5,9.27,33.64
2024-05-27 04:00:00,10,9.01,33.71
2024-05-27 04:00:00,15,8.94,33.72
2024-05-27 04:00:00,20,8.93,33.72
2024-05-29 04:00:00,5,9.57,33.46
2024-05-29 04:00:00,10,9.57,33.47
2024-05-29 04:00:00,15,9.58,33.48
2024-05-29 04:00:00,20,9.57,33.48
2024-05-30 04:00:00,5,9.63,33.43
2024-05-30 04:00:00,10,9.64,33.45
2024-05-30 04:00:00,15,9.63,33.47
2024-05-30 04:00:00,20,9.62,33.47
2024-05-31 04:00:00,5,9.77,33.51
2024-05-31 04:00:00,10,9.77,33.52
2024-05-31 04:00:00,15,9.77,33.52
2024-05-31 04:00:00,20,9.75,33.52
2024-06-01 04:00:00,5,10.29,33.53
2024-06-01 04:00:00,10,10.30,33.53
2024-06-01 04:00:00,15,10.31,33.53
2024-06-01 04:00:00,20,10.31,33.53
2024-06-03 04:00:00,5,11.11,33.47
2024-06-03 04:00:00,10,10.02,33.65
2024-06-03 04:00:00,15,10.01,33.65
2024-06-03 04:00:00,20,10.00,33.65
2024-06-04 10:00:00,5,11.05,33.58
2024-06-04 10:00:00,10,11.01,33.64
2024-06-04 10:00:00,15,10.99,33.64
2024-06-04 10:00:00,20,10.97,33.64
2024-06-06 04:00:00,5,10.26,33.74
2024-06-06 04:00:00,10,9.77,33.80
2024-06-06 04:00:00,15,9.60,33.82
2024-06-06 04:00:00,20,9.57,33.82
2024-06-07 08:00:00,5,10.20,33.77
2024-06-07 08:00:00,10,9.88,33.81
2024-06-07 08:00:00,15,9.87,33.82
2024-06-07 08:00:00,20,9.87,33.82
2024-06-08 04:00:00,5,10.50,33.83
2024-06-08 04:00:00,10,10.28,33.86
2024-06-08 04:00:00,15,10.10,33.88
2024-06-08 04:00:00,20,10.06,33.87
2024-06-10 04:00:00,5,11.71,33.78
2024-06-10 04:00:00,10,11.51,33.79
2024-06-10 04:00:00,15,11.12,33.82
2024-06-10 04:00:00,20,10.91,33.85
2024-06-10 04:00:00,30,10.70,33.86
2024-06-10 05:00:00,5,10.35,33.88
2024-06-10 05:00:00,10,10.19,33.89
2024-06-10 05:00:00,15,10.18,33.89
2024-06-10 05:00:00,20,10.12,33.89
2024-06-10 05:00:00,30,10.01,33.91
2024-06-10 05:00:00,40,9.47,33.94
2024-06-10 05:00:00,50,9.37,33.94
2024-06-11 04:00:00,5,11.45,33.70
2024-06-11 04:00:00,10,11.17,33.74
2024-06-11 04:00:00,15,11.03,33.77
2024-06-11 04:00:00,20,10.98,33.78
2024-06-12 04:00:00,5,13.04,33.55
2024-06-12 04:00:00,10,12.65,33.64
2024-06-12 04:00:00,15,12.29,33.71
2024-06-12 04:00:00,20,12.13,33.75
2024-06-13 04:00:00,5,12.21,33.69
2024-06-13 04:00:00,10,12.21,33.72
2024-06-13 04:00:00,15,12.21,33.73
2024-06-13 04:00:00,20,12.21,33.73
2024-06-14 04:00:00,5,13.55,33.59
2024-06-14 04:00:00,10,13.55,33.60
2024-06-14 04:00:00,15,13.56,33.60
2024-06-14 04:00:00,20,13.56,33.60
2024-06-15 04:00:00,5,13.35,33.61
2024-06-15 04:00:00,10,13.35,33.66
2024-06-15 04:00:00,15,13.27,33.67
2024-06-15 04:00:00,20,13.04,33.69
2024-06-16 04:00:00,5,13.24,33.65
2024-06-16 04:00:00,10,12.81,33.73
2024-06-16 04:00:00,15,12.54,33.75
2024-06-16 04:00:00,20,12.53,33.75
2024-06-17 04:00:00,5,13.65,33.69
2024-06-17 04:00:00,10,13.11,33.76
2024-06-17 04:00:00,15,13.09,33.77
2024-06-17 04:00:00,20,13.08,33.77
2024-06-26 04:00:00,5,10.71,33.81
2024-06-26 04:00:00,10,10.41,33.83
2024-06-26 04:00:00,15,9.68,33.88
2024-06-26 04:00:00,20,9.36,33.90
2024-06-28 04:00:00,5,13.01,33.78
2024-06-28 04:00:00,10,12.74,33.80
2024-06-28 04:00:00,15,12.57,33.81
2024-06-28 04:00:00,20,12.44,33.80
2024-06-29 04:00:00,5,13.66,33.72
2024-06-29 04:00:00,10,13.37,33.76
2024-06-29 04:00:00,15,13.29,33.77
2024-06-29 04:00:00,20,13.28,33.77
2024-07-03 04:00:00,5,15.06,33.61
2024-07-03 04:00:00,10,15.00,33.67
2024-07-03 04:00:00,15,14.21,33.74
2024-07-03 04:00:00,20,13.10,33.80
2024-07-04 09:00:00,5,14.02,33.81
2024-07-04 09:00:00,10,13.63,33.84
2024-07-04 09:00:00,15,13.41,33.85
2024-07-04 09:00:00,20,13.34,33.86
2024-07-05 04:00:00,5,15.84,33.74
2024-07-05 04:00:00,10,15.50,33.75
2024-07-05 04:00:00,15,15.12,33.75
2024-07-05 04:00:00,20,14.95,33.76
2024-07-06 04:00:00,5,15.93,33.76
2024-07-06 04:00:00,10,15.72,33.76
2024-07-06 04:00:00,15,15.28,33.79
2024-07-06 04:00:00,20,15.16,33.79
2024-07-08 04:00:00,5,16.68,33.67
2024-07-08 04:00:00,10,16.33,33.70
2024-07-08 04:00:00,15,15.71,33.74
2024-07-08 04:00:00,20,15.26,33.75
2024-07-09 04:00:00,5,16.10,33.69
2024-07-09 04:00:00,10,15.74,33.74
2024-07-09 04:00:00,15,15.50,33.76
2024-07-09 04:00:00,20,15.10,33.79
2024-07-10 04:00:00,5,16.62,33.59
2024-07-10 04:00:00,10,16.50,33.68
2024-07-10 04:00:00,15,16.29,33.71
2024-07-10 04:00:00,20,15.91,33.74
2024-07-10 05:00:00,5,15.43,33.77
2024-07-10 05:00:00,10,15.29,33.77
2024-07-10 05:00:00,15,15.15,33.79
2024-07-10 05:00:00,20,15.07,33.80
2024-07-10 05:00:00,30,14.88,33.80
2024-07-10 05:00:00,40,14.46,33.83
2024-07-10 05:00:00,50,14.01,33.84
2024-07-11 04:00:00,5,16.42,33.65
2024-07-11 04:00:00,10,15.99,33.70
2024-07-11 04:00:00,15,15.58,33.73
2024-07-11 04:00:00,20,15.32,33.76
2024-07-12 04:00:00,5,16.33,33.73
2024-07-12 04:00:00,10,16.25,33.74
2024-07-12 04:00:00,15,16.19,33.75
2024-07-12 04:00:00,20,16.18,33.75
2024-07-13 06:00:00,5,16.88,33.49
2024-07-13 06:00:00,10,16.78,33.59
2024-07-13 06:00:00,15,16.73,33.60
2024-07-13 06:00:00,20,16.70,33.61
2024-07-14 04:00:00,5,17.24,33.72
2024-07-14 04:00:00,10,17.25,33.74
2024-07-14 04:00:00,15,17.27,33.74
2024-07-14 04:00:00,20,17.27,33.75
2024-07-16 04:00:00,5,17.33,33.78
2024-07-16 04:00:00,10,17.06,33.78
2024-07-16 04:00:00,15,17.03,33.79
2024-07-16 04:00:00,20,17.01,33.78
2024-07-18 04:00:00,5,16.69,33.82
2024-07-18 04:00:00,10,16.63,33.83
2024-07-18 04:00:00,15,16.55,33.82
2024-07-18 04:00:00,20,16.43,33.82
2024-07-19 04:00:00,5,17.84,33.66
2024-07-19 04:00:00,10,15.85,33.81
2024-07-19 04:00:00,15,15.31,33.87
2024-07-19 04:00:00,20,15.28,33.87
2024-07-20 05:00:00,5,17.50,33.75
2024-07-20 05:00:00,10,16.55,33.79
2024-07-20 05:00:00,15,15.41,33.86
2024-07-20 05:00:00,20,15.29,33.85
2024-07-23 04:00:00,5,18.87,33.80
2024-07-23 04:00:00,10,18.74,33.80
2024-07-23 04:00:00,15,18.44,33.79
2024-07-23 04:00:00,20,18.41,33.79
2024-07-24 04:00:00,5,19.57,33.73
2024-07-24 04:00:00,10,19.54,33.72
2024-07-24 04:00:00,15,19.50,33.72
2024-07-24 04:00:00,20,19.45,33.72
2024-07-27 04:00:00,5,17.21,33.92
2024-07-27 04:00:00,10,17.16,33.92
2024-07-27 04:00:00,15,17.15,33.92
2024-07-27 04:00:00,20,17.16,33.92
2024-07-29 04:00:00,5,19.05,33.86
2024-07-29 04:00:00,10,18.60,33.90
2024-07-29 04:00:00,15,18.56,33.89
2024-07-29 04:00:00,20,18.55,33.89
2024-07-31 04:00:00,5,18.85,33.91
2024-07-31 04:00:00,10,18.21,33.98
2024-07-31 04:00:00,15,17.58,33.98
2024-07-31 04:00:00,20,17.56,33.97
2024-08-01 04:00:00,5,18.27,33.94
2024-08-01 04:00:00,10,17.05,33.97
2024-08-01 04:00:00,15,16.59,33.97
2024-08-01 04:00:00,20,16.58,33.97
2024-08-02 04:00:00,5,17.72,33.94
2024-08-02 04:00:00,10,16.84,34.01
2024-08-02 04:00:00,15,16.09,33.99
2024-08-02 04:00:00,20,16.03,33.99
2024-08-06 10:00:00,5,18.16,33.69
2024-08-06 10:00:00,10,18.02,33.78
2024-08-06 10:00:00,15,17.84,33.78
2024-08-06 10:00:00,20,17.70,33.78
2024-08-07 04:00:00,5,18.48,33.79
2024-08-07 04:00:00,10,18.43,33.81
2024-08-07 04:00:00,15,17.84,33.85
2024-08-07 04:00:00,20,17.58,33.85
2024-08-08 08:00:00,5,19.87,33.77
2024-08-08 08:00:00,10,19.57,33.76
2024-08-08 08:00:00,15,19.26,33.77
2024-08-08 08:00:00,20,18.98,33.80
2024-08-19 04:00:00,5,18.91,33.87
2024-08-19 04:00:00,10,18.62,33.86
2024-08-19 04:00:00,15,18.27,33.88
2024-08-19 04:00:00,20,17.31,33.91
2024-08-20 04:00:00,5,18.60,33.81
2024-08-20 04:00:00,10,18.53,33.81
2024-08-20 04:00:00,15,18.30,33.83
2024-08-20 04:00:00,20,17.89,33.84
2024-08-21 04:00:00,5,19.49,33.81
2024-08-21 04:00:00,10,18.76,33.84
2024-08-21 04:00:00,15,18.01,33.90
2024-08-21 04:00:00,20,17.26,33.93
2024-08-22 04:00:00,5,19.90,33.77
2024-08-22 04:00:00,10,18.72,33.84
2024-08-22 04:00:00,15,18.23,33.86
2024-08-22 04:00:00,20,17.75,33.88
2024-08-23 06:00:00,5,19.26,33.82
2024-08-23 06:00:00,10,18.51,33.87
2024-08-23 06:00:00,15,18.41,33.88
2024-08-23 06:00:00,20,18.40,33.87
2024-08-24 04:00:00,5,18.55,33.80
2024-08-24 04:00:00,10,18.41,33.80
2024-08-24 04:00:00,15,18.21,33.81
2024-08-24 04:00:00,20,18.16,33.81
2024-08-26 04:00:00,5,20.38,33.85
2024-08-26 04:00:00,10,20.38,33.92
2024-08-26 04:00:00,15,20.35,33.94
2024-08-26 04:00:00,20,20.34,33.95
2024-08-28 05:00:00,5,19.60,33.73
2024-08-28 05:00:00,10,19.36,33.84
2024-08-28 05:00:00,15,19.23,33.90
2024-08-28 05:00:00,20,18.85,33.90
2024-08-29 04:00:00,5,20.12,33.77
2024-08-29 04:00:00,10,20.06,33.82
2024-08-29 04:00:00,15,20.03,33.82
2024-08-29 04:00:00,20,20.01,33.82
2024-08-30 04:00:00,5,20.27,33.81
2024-08-30 04:00:00,10,20.27,33.90
2024-08-30 04:00:00,15,20.27,33.90
2024-08-30 04:00:00,20,20.27,33.89
2024-08-31 04:00:00,5,20.39,33.90
2024-08-31 04:00:00,10,20.22,33.92
2024-08-31 04:00:00,15,20.20,33.92
2024-08-31 04:00:00,20,20.20,33.92
2024-09-02 05:00:00,5,20.96,33.42
2024-09-02 05:00:00,10,20.94,33.47
2024-09-02 05:00:00,15,20.97,33.52
2024-09-02 05:00:00,20,20.89,33.56
2024-09-03 05:00:00,5,22.17,32.83
2024-09-03 05:00:00,10,22.18,33.19
2024-09-03 05:00:00,15,22.17,33.19
2024-09-03 05:00:00,20,22.17,33.19
2024-09-03 09:00:00,5,22.40,33.18
2024-09-03 09:00:00,10,22.31,33.22
2024-09-03 09:00:00,15,22.29,33.24
2024-09-03 09:00:00,20,22.20,33.36
2024-09-04 05:00:00,5,22.17,32.90
2024-09-04 05:00:00,10,22.14,33.17
2024-09-04 05:00:00,15,21.99,33.41
2024-09-04 05:00:00,20,21.84,33.49
2024-09-05 05:00:00,5,21.93,33.46
2024-09-05 05:00:00,10,21.57,33.68
2024-09-05 05:00:00,15,21.50,33.71
2024-09-05 05:00:00,20,21.44,33.73
2024-09-09 05:00:00,5,22.05,33.73
2024-09-09 05:00:00,10,22.06,33.72
2024-09-09 05:00:00,15,22.07,33.73
2024-09-09 05:00:00,20,22.07,33.72
2024-09-10 04:00:00,5,21.84,33.35
2024-09-10 04:00:00,10,21.86,33.44
2024-09-10 04:00:00,15,21.87,33.44
2024-09-10 05:00:00,5,22.02,33.56
2024-09-10 05:00:00,10,21.99,33.69
2024-09-10 05:00:00,15,21.91,33.71
2024-09-10 05:00:00,20,21.88,33.71
2024-09-10 05:00:00,30,21.66,33.77
2024-09-10 06:00:00,5,21.99,33.62
2024-09-10 06:00:00,10,21.67,33.70
2024-09-10 06:00:00,15,21.25,33.80
2024-09-10 06:00:00,20,20.88,33.85
2024-09-10 06:00:00,30,20.31,33.89
2024-09-10 06:00:00,40,15.51,34.03
2024-09-10 06:00:00,50,13.47,34.13
2024-09-12 05:00:00,5,22.25,33.57
2024-09-12 05:00:00,10,22.27,33.62
2024-09-12 05:00:00,15,22.28,33.65
2024-09-12 05:00:00,20,22.29,33.65
2024-09-13 05:00:00,5,22.09,33.60
2024-09-13 05:00:00,10,21.99,33.64
2024-09-13 05:00:00,15,21.12,33.79
2024-09-13 05:00:00,20,20.67,33.81
2024-09-14 06:00:00,5,20.94,33.55
2024-09-14 06:00:00,10,20.95,33.58
2024-09-14 06:00:00,15,20.94,33.58
2024-09-14 06:00:00,20,20.88,33.63
2024-09-18 05:00:00,5,20.35,33.79
2024-09-18 05:00:00,10,20.35,33.81
2024-09-18 05:00:00,15,20.35,33.81
2024-09-18 05:00:00,20,20.31,33.81
2024-09-24 05:00:00,5,17.15,33.93
2024-09-24 05:00:00,10,17.16,33.96
2024-09-24 05:00:00,15,17.15,33.96
2024-09-24 05:00:00,20,17.15,33.96
2024-09-25 05:00:00,5,17.53,34.02
2024-09-25 05:00:00,10,17.51,34.02
2024-09-25 05:00:00,15,17.51,34.03
2024-09-25 05:00:00,20,17.51,34.02
2024-09-26 05:00:00,5,17.84,34.00
2024-09-26 05:00:00,10,17.82,34.00
2024-09-26 05:00:00,15,17.81,34.00
2024-09-26 05:00:00,20,17.80,33.99
2024-09-27 05:00:00,5,17.97,33.99
2024-09-27 05:00:00,10,17.96,33.99
2024-09-27 05:00:00,15,17.92,33.99
2024-09-27 05:00:00,20,17.76,33.98
2024-09-30 10:00:00,5,18.88,33.96
2024-09-30 10:00:00,10,18.86,33.96
2024-09-30 10:00:00,15,18.85,33.96
2024-09-30 10:00:00,20,18.82,33.96
2024-10-01 07:00:00,5,19.04,33.93
2024-10-01 07:00:00,10,18.90,33.93
2024-10-01 07:00:00,15,18.62,33.95
2024-10-01 07:00:00,20,18.37,33.94
2024-10-02 07:00:00,5,19.21,33.94
2024-10-02 07:00:00,10,19.20,33.94
2024-10-02 07:00:00,15,19.09,33.95
2024-10-02 07:00:00,20,18.97,33.95
2024-10-02 08:00:00,5,19.25,33.92
2024-10-02 08:00:00,10,19.24,33.94
2024-10-02 08:00:00,15,19.10,33.95
2024-10-02 08:00:00,20,18.89,33.95
2024-10-03 05:00:00,5,19.67,33.80
2024-10-03 05:00:00,10,19.70,33.86
2024-10-03 05:00:00,15,19.70,33.87
2024-10-03 05:00:00,20,19.68,33.87
2024-10-04 07:00:00,5,19.17,33.87
2024-10-04 07:00:00,10,19.17,33.93
2024-10-04 07:00:00,15,19.17,33.93
2024-10-04 07:00:00,20,19.17,33.93
2024-10-05 05:00:00,5,18.98,33.85
2024-10-05 05:00:00,10,18.98,33.92
2024-10-05 05:00:00,15,18.95,33.94
2024-10-05 05:00:00,20,18.92,33.93
2024-10-07 07:00:00,5,18.52,33.93
2024-10-07 07:00:00,10,18.31,33.97
2024-10-07 07:00:00,15,18.04,33.98
2024-10-07 07:00:00,20,17.66,33.99
2024-10-09 05:00:00,5,17.43,34.01
2024-10-09 05:00:00,10,17.42,34.00
2024-10-09 05:00:00,15,17.41,33.97
2024-10-09 06:00:00,5,16.75,33.96
2024-10-09 06:00:00,10,16.72,33.94
2024-10-09 06:00:00,15,16.69,33.99
2024-10-09 06:00:00,20,16.54,33.99
2024-10-09 06:00:00,30,16.25,33.99
2024-10-09 06:00:00,40,15.76,33.98
2024-10-09 06:00:00,50,13.29,33.97
2024-10-09 07:00:00,5,17.24,33.92
2024-10-09 07:00:00,10,17.25,33.99
2024-10-09 07:00:00,15,17.25,33.99
2024-10-09 07:00:00,20,17.25,33.99
2024-10-09 07:00:00,30,17.40,34.01
2024-10-14 05:00:00,5,16.90,34.03
2024-10-14 05:00:00,10,16.96,34.02
2024-10-14 05:00:00,15,16.96,34.03
2024-10-14 05:00:00,20,16.97,34.03
2024-10-17 05:00:00,5,17.26,34.02
2024-10-17 05:00:00,10,17.27,34.01
2024-10-17 05:00:00,15,17.27,34.02
2024-10-17 05:00:00,20,17.27,34.01
2024-10-18 05:00:00,5,17.13,34.01
2024-10-18 05:00:00,10,17.15,34.02
2024-10-18 05:00:00,15,17.15,34.00
2024-10-18 05:00:00,20,17.15,34.01
2024-10-21 05:00:00,5,15.98,34.01
2024-10-21 05:00:00,10,16.00,34.07
2024-10-21 05:00:00,15,16.00,34.08
2024-10-21 05:00:00,20,16.00,34.06
2024-10-22 05:00:00,5,15.41,33.98
2024-10-22 05:00:00,10,15.41,34.00
2024-10-22 05:00:00,15,15.41,34.00
2024-10-22 05:00:00,20,15.40,34.00
2024-10-25 05:00:00,5,15.34,33.95
2024-10-25 05:00:00,10,15.37,33.96
2024-10-25 05:00:00,15,15.36,33.96
2024-10-25 05:00:00,20,15.37,33.95
2024-10-29 06:00:00,5,15.56,33.96
2024-10-29 06:00:00,10,15.58,33.97
2024-10-29 06:00:00,15,15.58,33.98
2024-10-29 06:00:00,20,15.57,33.97
2024-10-30 06:00:00,5,13.69,33.81
2024-10-30 06:00:00,10,13.70,33.80
2024-10-30 06:00:00,15,13.71,33.81
2024-10-30 06:00:00,20,13.70,33.81
2024-10-31 06:00:00,5,14.42,33.85
2024-10-31 06:00:00,10,14.43,33.86
2024-10-31 06:00:00,15,14.43,33.87
2024-10-31 06:00:00,20,14.42,33.86
2024-11-01 06:00:00,5,13.42,33.77
2024-11-01 06:00:00,10,13.41,33.75
2024-11-01 06:00:00,15,13.42,33.76
2024-11-01 06:00:00,20,13.42,33.75
2024-11-02 06:00:00,5,13.75,33.82
2024-11-02 06:00:00,10,13.74,33.82
2024-11-02 06:00:00,15,13.74,33.82
2024-11-02 06:00:00,20,13.74,33.81
2024-11-12 10:00:00,5,13.31,33.92
2024-11-12 10:00:00,10,13.32,33.93
2024-11-12 10:00:00,15,13.32,33.92
2024-11-12 10:00:00,20,13.32,33.93
2024-11-14 09:00:00,5,6.19,31.99
2024-11-14 09:00:00,10,7.07,32.25
2024-11-14 09:00:00,15,8.72,32.96
2024-11-14 09:00:00,20,8.94,33.10
2024-11-15 06:00:00,5,7.95,33.22
2024-11-15 06:00:00,10,8.00,33.23
2024-11-15 06:00:00,15,8.01,33.24
2024-11-15 06:00:00,20,8.02,33.25
2024-11-15 06:00:00,30,8.14,33.28
2024-11-15 06:00:00,40,8.30,33.32
2024-11-15 07:00:00,5,9.01,33.40
2024-11-15 07:00:00,10,9.05,33.42
2024-11-15 07:00:00,15,9.06,33.44
2024-11-15 07:00:00,20,9.06,33.44
2024-11-15 07:00:00,30,9.10,33.46
2024-11-15 07:00:00,40,8.97,33.46
2024-11-15 08:00:00,5,9.79,33.43
2024-11-15 08:00:00,10,9.90,33.47
2024-11-15 08:00:00,15,9.93,33.50
2024-11-15 08:00:00,20,9.86,33.50
2024-11-16 07:00:00,5,11.39,33.81
2024-11-16 07:00:00,10,11.38,33.83
2024-11-16 07:00:00,15,11.38,33.84
2024-11-16 07:00:00,20,11.38,33.83
2024-11-20 07:00:00,5,11.39,33.88
2024-11-20 07:00:00,10,11.41,33.91
2024-11-20 07:00:00,15,11.41,33.92
2024-11-20 07:00:00,20,11.42,33.92
2024-11-21 07:00:00,5,9.64,33.77
2024-11-21 07:00:00,10,9.66,33.77
2024-11-21 07:00:00,15,9.68,33.76
2024-11-21 07:00:00,20,9.69,33.76
2024-11-26 07:00:00,5,5.39,31.52
2024-11-26 07:00:00,10,6.08,31.86
2024-11-26 07:00:00,15,7.61,32.94
2024-11-26 07:00:00,20,7.87,33.07
2025-03-19 05:00:00,5,4.44,33.81
2025-03-19 05:00:00,10,4.44,33.82
2025-03-19 05:00:00,15,4.44,33.81
2025-03-19 05:00:00,20,4.44,33.81
2025-03-20 05:00:00,5,4.93,33.86
2025-03-20 05:00:00,10,4.95,33.87
2025-03-20 05:00:00,15,4.94,33.87
2025-03-20 05:00:00,20,4.95,33.86
2025-03-21 05:00:00,5,3.94,33.82
2025-03-21 05:00:00,10,3.94,33.83
2025-03-21 05:00:00,15,3.94,33.83
2025-03-21 05:00:00,20,3.94,33.83
2025-03-22 05:00:00,5,4.64,33.80
2025-03-22 05:00:00,10,4.63,33.80
2025-03-22 05:00:00,15,4.62,33.81
2025-03-22 05:00:00,20,4.62,33.81
2025-03-24 05:00:00,5,5.17,33.88
2025-03-24 05:00:00,10,5.17,33.88
2025-03-24 05:00:00,15,5.18,33.88
2025-03-24 05:00:00,20,5.18,33.87
2025-03-27 07:00:00,5,5.35,33.92
2025-03-27 07:00:00,10,5.35,33.92
2025-03-27 07:00:00,15,5.36,33.92
2025-03-27 07:00:00,20,5.36,33.91
2025-03-29 05:00:00,5,5.08,33.81
2025-03-29 05:00:00,10,5.08,33.82
2025-03-29 05:00:00,15,5.08,33.83
2025-03-29 05:00:00,20,5.08,33.82
2025-03-31 05:00:00,5,5.16,33.86
2025-03-31 05:00:00,10,5.16,33.87
2025-03-31 05:00:00,15,5.16,33.86
2025-03-31 05:00:00,20,5.16,33.86
2025-04-01 05:00:00,5,5.18,33.67
2025-04-01 05:00:00,10,5.19,33.67
2025-04-01 05:00:00,15,5.19,33.67
2025-04-01 05:00:00,20,5.19,33.66
2025-04-02 05:00:00,5,5.11,33.54
2025-04-02 05:00:00,10,5.12,33.54
2025-04-02 05:00:00,15,5.12,33.55
2025-04-02 05:00:00,20,5.12,33.54
2025-04-07 05:00:00,5,5.71,33.78
2025-04-07 05:00:00,10,5.71,33.78
2025-04-07 05:00:00,15,5.71,33.78
2025-04-07 05:00:00,20,5.71,33.78
2025-04-08 05:00:00,5,5.79,33.76
2025-04-08 05:00:00,10,5.80,33.77
2025-04-08 05:00:00,15,5.80,33.77
2025-04-08 05:00:00,20,5.80,33.77
2025-04-09 05:00:00,5,5.91,33.68
2025-04-09 05:00:00,10,5.91,33.69
2025-04-09 05:00:00,15,5.91,33.69
2025-04-09 05:00:00,20,5.92,33.69
2025-04-11 09:00:00,5,6.11,33.67
2025-04-11 09:00:00,10,6.09,33.67
2025-04-11 09:00:00,15,6.09,33.67
2025-04-11 09:00:00,20,6.07,33.67
2025-04-12 05:00:00,5,6.30,33.86
2025-04-12 05:00:00,10,6.29,33.87
2025-04-12 05:00:00,15,6.30,33.88
2025-04-12 05:00:00,20,6.29,33.88
2025-04-12 05:00:00,30,6.29,33.92
2025-04-12 05:00:00,40,6.23,33.95
2025-04-12 05:00:00,50,6.20,33.95
2025-04-12 06:00:00,5,6.15,33.96
2025-04-12 06:00:00,10,6.16,33.96
2025-04-12 06:00:00,15,6.16,33.96
2025-04-12 06:00:00,20,6.16,33.96
2025-04-12 06:00:00,30,6.16,33.96
2025-04-12 06:00:00,40,6.16,33.96
2025-04-12 06:00:00,50,6.16,33.96
2025-04-12 09:00:00,5,6.38,33.20
2025-04-12 09:00:00,10,6.33,33.26
2025-04-12 09:00:00,15,6.32,33.29
2025-04-12 09:00:00,20,6.32,33.32
2025-04-12 10:00:00,5,6.50,32.82
2025-04-12 10:00:00,10,6.53,32.85
2025-04-12 10:00:00,15,6.54,32.85
2025-04-18 04:00:00,5,6.27,33.84
2025-04-18 04:00:00,10,6.27,33.85
2025-04-18 04:00:00,15,6.26,33.87
2025-04-18 04:00:00,20,6.26,33.87
2025-04-22 04:00:00,5,6.18,33.62
2025-04-22 04:00:00,10,6.18,33.61
2025-04-22 04:00:00,15,6.18,33.62
2025-04-22 04:00:00,20,6.18,33.61
2025-04-23 04:00:00,5,6.31,33.61
2025-04-23 04:00:00,10,6.32,33.61
2025-04-23 04:00:00,15,6.32,33.62
2025-04-23 04:00:00,20,6.32,33.62
2025-04-26 07:00:00,5,6.44,33.71
2025-04-26 07:00:00,10,6.43,33.71
2025-04-26 07:00:00,15,6.43,33.72
2025-04-26 07:00:00,20,6.42,33.72
2025-05-02 05:00:00,5,6.85,33.53
2025-05-02 05:00:00,10,6.75,33.59
2025-05-02 05:00:00,15,6.67,33.61
2025-05-02 05:00:00,20,6.64,33.61
2025-05-07 08:00:00,5,8.80,33.01
2025-05-07 08:00:00,10,8.78,33.01
2025-05-07 08:00:00,15,8.76,33.02
2025-05-07 08:00:00,20,8.76,33.03
2025-05-08 05:00:00,5,9.16,32.58
2025-05-08 05:00:00,10,9.15,32.61
2025-05-08 05:00:00,15,9.14,32.64
2025-05-08 05:00:00,20,9.14,32.66
2025-05-09 06:00:00,5,9.41,32.85
2025-05-09 06:00:00,10,9.40,32.86
2025-05-09 06:00:00,15,9.40,32.87
2025-05-09 06:00:00,20,9.39,32.88
2025-05-10 07:00:00,5,8.06,33.73
2025-05-10 07:00:00,10,7.98,33.76
2025-05-10 07:00:00,15,7.85,33.81
2025-05-10 07:00:00,20,7.79,33.83
2025-05-10 07:00:00,30,7.77,33.85
2025-05-10 07:00:00,40,7.72,33.88
2025-05-10 07:00:00,50,7.59,33.94
2025-05-10 08:00:00,5,9.18,33.06
2025-05-10 08:00:00,10,9.03,33.18
2025-05-10 08:00:00,15,9.00,33.21
2025-05-10 08:00:00,20,8.83,33.34
2025-05-10 08:00:00,30,8.32,33.63
2025-05-12 04:00:00,5,9.11,33.05
2025-05-12 04:00:00,10,8.77,33.29
2025-05-12 04:00:00,15,8.61,33.39
2025-05-12 04:00:00,20,8.60,33.42
2025-05-13 04:00:00,5,8.94,33.32
2025-05-13 04:00:00,10,8.85,33.36
2025-05-13 04:00:00,15,8.28,33.59
2025-05-15 06:00:00,5,9.37,33.09
2025-05-15 06:00:00,10,9.12,33.26
2025-05-15 06:00:00,15,8.61,33.58
2025-05-15 06:00:00,20,8.52,33.64
2025-05-17 06:00:00,5,9.69,33.16
2025-05-17 06:00:00,10,9.68,33.17
2025-05-17 06:00:00,15,9.64,33.22
2025-05-17 06:00:00,20,9.60,33.26
2025-05-19 07:00:00,5,9.93,33.36
2025-05-19 07:00:00,10,9.79,33.43
2025-05-19 07:00:00,15,9.74,33.47
2025-05-19 07:00:00,20,9.69,33.50
2025-05-20 04:00:00,5,9.69,33.56
2025-05-20 04:00:00,10,9.65,33.58
2025-05-20 04:00:00,15,9.51,33.63
2025-05-20 04:00:00,20,9.45,33.66
2025-05-21 06:00:00,5,10.42,33.46
2025-05-21 06:00:00,10,10.42,33.47
2025-05-21 06:00:00,15,10.41,33.47
2025-05-21 06:00:00,20,10.41,33.47
2025-05-22 04:00:00,5,10.62,33.35
2025-05-22 04:00:00,10,10.62,33.35
2025-05-22 04:00:00,15,10.62,33.35
2025-05-22 04:00:00,20,10.62,33.35
2025-05-23 04:00:00,5,10.45,33.44
2025-05-23 04:00:00,10,10.46,33.45
2025-05-23 04:00:00,15,10.46,33.45
2025-05-23 04:00:00,20,10.46,33.44
2025-05-24 04:00:00,5,11.21,32.99
2025-05-24 04:00:00,10,10.93,33.21
2025-05-24 04:00:00,15,10.61,33.40
2025-05-24 04:00:00,20,10.57,33.43
2025-06-02 04:00:00,5,9.19,33.79
2025-06-02 04:00:00,10,9.08,33.82
2025-06-02 04:00:00,15,9.01,33.82
2025-06-02 04:00:00,20,8.98,33.82
2025-06-03 09:00:00,5,10.72,33.67
2025-06-03 09:00:00,10,10.27,33.76
2025-06-03 09:00:00,15,10.12,33.78
2025-06-03 09:00:00,20,10.07,33.80
2025-06-07 04:00:00,5,11.52,33.53
2025-06-07 04:00:00,10,11.50,33.54
2025-06-07 04:00:00,15,11.47,33.57
2025-06-07 04:00:00,20,11.47,33.61
2025-06-09 04:00:00,5,11.88,33.54
2025-06-09 04:00:00,10,11.77,33.57
2025-06-09 04:00:00,15,11.46,33.64
2025-06-09 04:00:00,20,11.38,33.66
2025-06-10 04:00:00,5,12.01,33.60
2025-06-10 04:00:00,10,11.86,33.61
2025-06-10 04:00:00,15,11.68,33.65
2025-06-10 04:00:00,20,11.58,33.68
2025-06-10 05:00:00,5,11.02,33.72
2025-06-10 05:00:00,10,10.88,33.73
2025-06-10 05:00:00,15,10.78,33.74
2025-06-10 05:00:00,20,10.70,33.75
2025-06-10 05:00:00,30,10.61,33.77
2025-06-10 05:00:00,40,10.10,33.86
2025-06-13 04:00:00,5,11.24,33.68
2025-06-13 04:00:00,10,11.01,33.71
2025-06-13 04:00:00,15,10.96,33.73
2025-06-13 04:00:00,20,10.72,33.74
2025-06-16 04:00:00,5,12.91,33.56
2025-06-16 04:00:00,10,12.85,33.57
2025-06-16 04:00:00,15,12.73,33.60
2025-06-16 04:00:00,20,12.69,33.62
2025-06-17 04:00:00,5,13.09,33.53
2025-06-17 04:00:00,10,12.89,33.59
2025-06-17 04:00:00,15,12.77,33.65
2025-06-17 04:00:00,20,12.71,33.67
2025-06-18 04:00:00,5,12.97,33.64
2025-06-18 04:00:00,10,12.61,33.69
2025-06-18 04:00:00,15,12.45,33.71
2025-06-18 04:00:00,20,12.39,33.72
2025-06-25 04:00:00,5,15.74,33.43
2025-06-25 04:00:00,10,15.71,33.44
2025-06-25 04:00:00,15,15.56,33.48
2025-06-25 04:00:00,20,15.37,33.53
2025-06-26 04:00:00,5,16.04,33.34
2025-06-26 04:00:00,10,15.94,33.38
2025-06-26 04:00:00,15,15.79,33.46
2025-06-26 04:00:00,20,15.75,33.48
2025-06-27 04:00:00,5,16.04,33.36
2025-06-27 04:00:00,10,15.94,33.39
2025-06-27 04:00:00,15,15.92,33.39
2025-06-27 04:00:00,20,15.91,33.40
2025-06-28 04:00:00,5,15.25,33.55
2025-06-28 04:00:00,10,15.24,33.55
2025-06-28 04:00:00,15,15.24,33.55
2025-06-28 04:00:00,20,15.23,33.55
2025-06-30 04:00:00,5,15.79,33.62
2025-06-30 04:00:00,10,15.56,33.65
2025-06-30 04:00:00,15,15.43,33.66
2025-06-30 04:00:00,20,15.33,33.68
2025-07-01 04:00:00,5,16.69,33.49
2025-07-01 04:00:00,10,16.61,33.52
2025-07-01 04:00:00,15,16.28,33.57
2025-07-01 04:00:00,20,16.16,33.59
2025-07-02 09:00:00,5,15.79,33.61
2025-07-02 09:00:00,10,15.77,33.61
2025-07-02 09:00:00,15,15.61,33.63
2025-07-02 09:00:00,20,15.21,33.69
2025-07-03 09:00:00,5,16.30,33.57
2025-07-03 09:00:00,10,15.62,33.61
2025-07-03 09:00:00,15,14.71,33.72
2025-07-03 09:00:00,20,14.56,33.75
2025-07-05 10:00:00,5,16.29,33.68
2025-07-05 10:00:00,10,16.27,33.69
2025-07-05 10:00:00,15,16.29,33.69
2025-07-05 10:00:00,20,16.33,33.68
2025-07-07 04:00:00,5,17.55,33.47
2025-07-07 04:00:00,10,17.39,33.51
2025-07-07 04:00:00,15,16.07,33.64
2025-07-07 04:00:00,20,15.98,33.67
2025-07-08 04:00:00,5,17.86,33.59
2025-07-08 04:00:00,10,17.67,33.65
2025-07-08 04:00:00,15,17.14,33.72
2025-07-08 04:00:00,20,16.89,33.75
2025-07-09 04:00:00,5,18.30,33.59
2025-07-09 04:00:00,10,18.28,33.60
2025-07-09 04:00:00,15,18.22,33.62
2025-07-09 04:00:00,20,18.18,33.62
2025-07-10 04:00:00,5,17.74,33.64
2025-07-10 04:00:00,10,17.12,33.69
2025-07-10 04:00:00,15,17.09,33.69
2025-07-10 04:00:00,20,17.10,33.69
2025-07-12 04:00:00,5,14.72,33.81
2025-07-12 04:00:00,10,14.56,33.81
2025-07-12 04:00:00,15,14.49,33.81
2025-07-12 04:00:00,20,14.38,33.82
2025-07-12 04:00:00,30,14.25,33.82
2025-07-12 04:00:00,40,13.74,33.84
2025-07-12 05:00:00,5,16.03,33.75
2025-07-12 05:00:00,10,15.27,33.80
2025-07-12 05:00:00,15,14.78,33.80
2025-07-12 05:00:00,20,14.57,33.81
2025-07-12 05:00:00,30,13.08,33.85
2025-07-12 05:00:00,40,13.09,33.86
2025-07-12 10:00:00,5,15.38,33.80
2025-07-12 10:00:00,10,15.23,33.81
2025-07-14 04:00:00,5,18.00,33.74
2025-07-14 04:00:00,10,17.83,33.74
2025-07-14 04:00:00,15,17.75,33.74
2025-07-14 04:00:00,20,17.68,33.74
2025-07-16 04:00:00,5,17.21,33.79
2025-07-16 04:00:00,10,16.97,33.79
2025-07-16 04:00:00,15,16.74,33.82
2025-07-16 04:00:00,20,16.24,33.81
2025-07-17 04:00:00,5,16.87,33.83
2025-07-17 04:00:00,10,16.66,33.82
2025-07-17 04:00:00,15,16.58,33.83
2025-07-17 04:00:00,20,16.52,33.83
2025-07-18 04:00:00,5,18.85,33.74
2025-07-18 04:00:00,10,18.82,33.73
2025-07-18 04:00:00,15,18.78,33.73
2025-07-18 04:00:00,20,18.78,33.73
2025-07-19 04:00:00,5,19.53,33.61
2025-07-19 04:00:00,10,19.42,33.64
2025-07-19 04:00:00,15,19.39,33.65
2025-07-19 04:00:00,20,19.39,33.65
2025-07-25 04:00:00,5,21.36,33.44
2025-07-25 04:00:00,10,21.30,33.46
2025-07-25 04:00:00,15,21.08,33.49
2025-07-25 04:00:00,20,20.67,33.53
2025-07-26 04:00:00,5,21.49,33.55
2025-07-26 04:00:00,10,21.48,33.55
2025-07-26 04:00:00,15,21.46,33.55
2025-07-26 04:00:00,20,21.44,33.55
2025-07-28 11:00:00,5,20.98,33.67
2025-07-28 11:00:00,10,20.78,33.70
2025-07-28 11:00:00,15,20.18,33.74
2025-07-28 11:00:00,20,19.48,33.76
2025-07-28 11:00:00,30,19.01,33.78
2025-07-28 12:00:00,5,21.78,33.55
2025-07-28 12:00:00,10,21.49,33.59
2025-07-28 12:00:00,15,21.20,33.63
2025-07-28 12:00:00,20,20.85,33.65
2025-07-29 04:00:00,5,21.52,33.54
2025-07-29 04:00:00,10,20.85,33.65
2025-07-29 04:00:00,15,20.53,33.67
2025-07-29 04:00:00,20,20.27,33.68
2025-07-31 04:00:00,5,21.40,33.63
2025-07-31 04:00:00,10,20.62,33.66
2025-07-31 04:00:00,15,20.07,33.69
2025-07-31 04:00:00,20,19.16,33.73
2025-08-01 04:00:00,5,21.93,33.51
2025-08-01 04:00:00,10,21.78,33.53
2025-08-01 04:00:00,15,21.57,33.56
2025-08-01 04:00:00,20,20.90,33.64
2025-08-01 10:00:00,5,21.93,33.57
2025-08-01 10:00:00,10,21.67,33.59
2025-08-01 10:00:00,15,21.58,33.59
2025-08-01 10:00:00,20,21.54,33.59
2025-08-01 10:00:00,30,21.18,33.64
2025-08-02 04:00:00,5,22.34,33.61
2025-08-02 04:00:00,10,22.14,33.62
2025-08-02 04:00:00,15,22.06,33.63
2025-08-02 04:00:00,20,21.94,33.65
2025-08-02 05:00:00,5,22.39,33.61
2025-08-02 05:00:00,10,21.99,33.61
2025-08-02 05:00:00,15,20.46,33.68
2025-08-02 05:00:00,20,19.34,33.75
2025-08-02 05:00:00,30,19.27,33.76
2025-08-05 07:00:00,5,21.35,33.45
2025-08-05 07:00:00,10,21.29,33.52
2025-08-05 07:00:00,15,21.23,33.55
2025-08-05 08:00:00,5,21.73,33.59
2025-08-05 08:00:00,10,21.06,33.68
2025-08-05 08:00:00,15,20.35,33.68
2025-08-05 08:00:00,20,20.22,33.70
2025-08-05 08:00:00,30,18.17,33.77
2025-08-06 09:00:00,5,22.63,33.60
2025-08-06 09:00:00,10,22.22,33.61
2025-08-06 09:00:00,15,21.51,33.65
2025-08-06 09:00:00,20,20.61,33.68
2025-08-06 09:00:00,30,18.44,33.78
2025-08-06 10:00:00,5,22.18,33.55
2025-08-06 10:00:00,10,22.17,33.53
2025-08-06 10:00:00,15,22.16,33.53
2025-08-06 10:00:00,20,22.20,33.56
2025-08-07 04:00:00,5,22.25,33.64
2025-08-07 04:00:00,10,21.87,33.63
2025-08-07 04:00:00,15,21.80,33.61
2025-08-07 04:00:00,20,21.02,33.64
2025-08-07 05:00:00,5,21.57,33.69
2025-08-07 05:00:00,10,21.10,33.70
2025-08-07 05:00:00,15,20.80,33.71
2025-08-07 05:00:00,20,20.59,33.71
2025-08-07 05:00:00,30,19.95,33.69
2025-08-09 04:00:00,5,21.05,33.57
2025-08-09 04:00:00,10,20.73,33.63
2025-08-09 04:00:00,15,20.38,33.64
2025-08-09 04:00:00,20,19.56,33.66
2025-08-09 05:00:00,5,20.62,33.69
2025-08-09 05:00:00,10,19.87,33.70
2025-08-09 05:00:00,15,19.36,33.73
2025-08-09 05:00:00,20,18.26,33.77
2025-08-09 05:00:00,30,17.24,33.81
2025-08-10 10:00:00,5,20.91,33.72
2025-08-10 10:00:00,10,18.27,33.81
2025-08-10 10:00:00,15,16.01,33.88
2025-08-10 10:00:00,20,14.82,33.91
2025-08-10 10:00:00,30,13.58,33.95
2025-08-10 10:00:00,40,12.80,33.97
2025-08-10 11:00:00,5,21.47,33.69
2025-08-10 11:00:00,10,21.15,33.69
2025-08-10 11:00:00,15,20.01,33.75
2025-08-10 11:00:00,20,18.26,33.81
2025-08-10 11:00:00,30,15.65,33.91
2025-08-11 04:00:00,5,22.00,33.68
2025-08-11 04:00:00,10,21.40,33.68
2025-08-11 04:00:00,15,21.13,33.68
2025-08-11 04:00:00,20,20.54,33.74
2025-08-11 05:00:00,5,22.15,33.84
2025-08-11 05:00:00,10,20.58,33.74
2025-08-11 05:00:00,15,20.52,33.74
2025-08-11 05:00:00,20,20.44,33.74
2025-08-11 05:00:00,30,19.86,33.77
2025-08-12 04:00:00,5,22.67,33.54
2025-08-12 04:00:00,10,22.26,33.53
2025-08-12 04:00:00,15,22.05,33.55
2025-08-12 04:00:00,20,21.93,33.58
2025-08-12 05:00:00,5,23.88,33.74
2025-08-12 05:00:00,10,21.82,33.64
2025-08-12 05:00:00,15,21.53,33.64
2025-08-12 05:00:00,20,21.50,33.63
2025-08-12 05:00:00,30,21.45,33.63
2025-08-18 05:00:00,5,23.25,33.51
2025-08-18 05:00:00,10,23.16,33.49
2025-08-18 05:00:00,15,23.05,33.49
2025-08-18 05:00:00,20,22.88,33.54
2025-08-18 05:00:00,30,20.66,33.72
2025-08-19 04:00:00,5,23.33,33.46
2025-08-19 04:00:00,10,23.20,33.49
2025-08-19 04:00:00,15,23.07,33.49
2025-08-19 04:00:00,20,22.82,33.50
2025-08-19 05:00:00,5,23.02,33.39
2025-08-19 05:00:00,10,22.81,33.44
2025-08-19 05:00:00,15,22.49,33.50
2025-08-19 05:00:00,20,22.10,33.55
2025-08-19 05:00:00,30,18.26,33.85
2025-08-20 04:00:00,5,22.83,33.30
2025-08-20 04:00:00,10,22.50,33.42
2025-08-20 04:00:00,15,21.73,33.49
2025-08-20 04:00:00,20,21.37,33.51
2025-08-20 05:00:00,5,22.85,33.43
2025-08-20 05:00:00,10,22.22,33.51
2025-08-20 05:00:00,15,21.77,33.54
2025-08-20 05:00:00,20,21.39,33.58
2025-08-20 05:00:00,30,20.70,33.65
2025-08-21 04:00:00,5,22.53,33.39
2025-08-21 04:00:00,10,22.52,33.42
2025-08-21 04:00:00,15,22.50,33.44
2025-08-21 04:00:00,20,22.46,33.47
2025-08-21 05:00:00,5,22.73,33.56
2025-08-21 05:00:00,10,22.33,33.55
2025-08-21 05:00:00,15,22.15,33.55
2025-08-21 05:00:00,20,22.08,33.57
2025-08-21 05:00:00,30,21.44,33.64
2025-08-22 04:00:00,5,23.03,33.41
2025-08-22 04:00:00,10,22.75,33.46
2025-08-22 04:00:00,15,22.68,33.46
2025-08-22 04:00:00,20,22.42,33.46
2025-08-22 05:00:00,5,22.39,33.60
2025-08-22 05:00:00,10,22.36,33.59
2025-08-22 05:00:00,15,22.31,33.59
2025-08-22 05:00:00,20,22.16,33.59
2025-08-22 05:00:00,30,21.08,33.67
2025-08-25 04:00:00,5,22.64,33.31
2025-08-25 04:00:00,10,22.73,33.49
2025-08-25 04:00:00,15,22.66,33.51
2025-08-25 04:00:00,20,22.36,33.53
2025-08-25 05:00:00,5,23.72,33.51
2025-08-25 05:00:00,10,23.37,33.54
2025-08-25 05:00:00,15,22.78,33.55
2025-08-25 05:00:00,20,22.60,33.56
2025-08-25 05:00:00,30,21.84,33.61
2025-08-26 04:00:00,5,23.39,33.42
2025-08-26 04:00:00,10,23.36,33.43
2025-08-26 04:00:00,15,23.30,33.43
2025-08-26 04:00:00,20,23.32,33.47
2025-08-26 05:00:00,5,23.37,33.50
2025-08-26 05:00:00,10,22.98,33.52
2025-08-26 05:00:00,15,22.86,33.52
2025-08-26 05:00:00,20,22.71,33.53
2025-08-26 05:00:00,30,22.12,33.57
2025-08-29 05:00:00,5,23.78,33.51
2025-08-29 05:00:00,10,23.78,33.50
2025-08-29 05:00:00,15,23.38,33.54
2025-08-29 05:00:00,20,22.45,33.60
2025-08-29 05:00:00,30,21.66,33.63
2025-08-29 06:00:00,5,23.77,33.19
2025-08-29 06:00:00,10,23.79,33.21
2025-08-29 06:00:00,15,23.76,33.20
2025-08-29 06:00:00,20,23.86,33.39
2025-09-01 07:00:00,5,22.77,33.49
2025-09-01 07:00:00,10,22.32,33.53
2025-09-01 07:00:00,15,22.13,33.54
2025-09-01 07:00:00,20,21.99,33.55
2025-09-01 07:00:00,30,21.78,33.57
2025-09-03 05:00:00,5,22.50,33.45
2025-09-03 05:00:00,10,22.39,33.47
2025-09-03 05:00:00,15,22.15,33.49
2025-09-03 05:00:00,20,22.05,33.51
2025-09-03 05:00:00,30,21.03,33.65
2025-09-05 05:00:00,5,21.92,33.38
2025-09-05 05:00:00,10,21.81,33.44
2025-09-05 05:00:00,15,21.61,33.52
2025-09-05 05:00:00,20,21.39,33.57
2025-09-05 05:00:00,30,20.68,33.70
2025-09-06 05:00:00,5,22.53,33.52
2025-09-06 05:00:00,10,22.46,33.52
2025-09-06 05:00:00,15,22.46,33.53
2025-09-06 05:00:00,20,22.24,33.54
2025-09-06 05:00:00,30,21.97,33.54
2025-09-08 05:00:00,5,22.64,33.51
2025-09-08 05:00:00,10,22.66,33.51
2025-09-08 05:00:00,15,22.66,33.51
2025-09-08 05:00:00,20,22.60,33.54
2025-09-08 05:00:00,30,22.72,33.60
2025-09-09 05:00:00,5,23.05,33.52
2025-09-09 05:00:00,10,23.05,33.54
2025-09-09 05:00:00,15,23.00,33.55
2025-09-09 05:00:00,20,23.05,33.54
2025-09-09 05:00:00,30,23.20,33.59
2025-09-10 05:00:00,5,23.29,33.42
2025-09-10 05:00:00,10,23.29,33.42
2025-09-10 05:00:00,15,23.27,33.42
2025-09-10 05:00:00,20,23.31,33.44
2025-09-10 05:00:00,30,23.19,33.44
2025-09-10 05:00:00,40,23.03,33.50
2025-09-10 06:00:00,5,22.70,33.59
2025-09-10 06:00:00,10,22.70,33.57
2025-09-10 06:00:00,15,22.69,33.57
2025-09-10 06:00:00,20,22.70,33.57
2025-09-10 06:00:00,30,22.70,33.57
2025-09-10 06:00:00,40,22.62,33.58
2025-09-10 06:00:00,50,21.73,33.66
2025-09-11 05:00:00,5,23.35,33.15
2025-09-11 05:00:00,10,23.35,33.16
2025-09-11 05:00:00,15,23.35,33.18
2025-09-11 05:00:00,20,23.32,33.23
2025-09-11 05:00:00,30,23.28,33.35
2025-09-12 05:00:00,5,23.24,33.11
2025-09-12 05:00:00,10,23.25,33.11
2025-09-12 05:00:00,15,23.26,33.11
2025-09-12 05:00:00,20,23.25,33.13
2025-09-12 05:00:00,30,23.15,33.27
2025-09-13 04:00:00,5,22.75,33.34
2025-09-13 04:00:00,10,22.76,33.34
2025-09-13 04:00:00,15,22.76,33.34
2025-09-13 04:00:00,20,22.81,33.35
2025-09-13 05:00:00,5,22.71,33.34
2025-09-13 05:00:00,10,22.68,33.36
2025-09-13 05:00:00,15,22.41,33.44
2025-09-13 05:00:00,20,22.20,33.49
2025-09-13 05:00:00,30,21.20,33.66
2025-09-16 05:00:00,5,21.35,33.61
2025-09-16 05:00:00,10,21.23,33.64
2025-09-16 05:00:00,15,20.87,33.70
2025-09-16 05:00:00,20,20.54,33.76
2025-09-20 05:00:00,5,21.33,33.66
2025-09-20 05:00:00,10,21.09,33.75
2025-09-20 05:00:00,15,20.82,33.81
2025-09-20 05:00:00,20,20.74,33.81
2025-09-20 05:00:00,30,20.19,33.79
2025-09-23 05:00:00,5,20.96,33.74
2025-09-23 05:00:00,10,20.93,33.72
2025-09-23 05:00:00,15,20.93,33.74
2025-09-23 05:00:00,20,20.90,33.74
2025-09-25 05:00:00,5,20.13,33.73
2025-09-25 05:00:00,10,20.09,33.75
2025-09-25 05:00:00,15,19.83,33.76
2025-09-25 05:00:00,20,19.58,33.77
2025-09-26 05:00:00,5,20.23,33.67
2025-09-26 05:00:00,10,20.17,33.68
2025-09-26 05:00:00,15,20.16,33.69
2025-09-26 05:00:00,20,20.15,33.69
2025-09-27 05:00:00,5,21.10,33.58
2025-09-27 05:00:00,10,21.11,33.58
2025-09-27 05:00:00,15,21.11,33.58
2025-09-27 05:00:00,20,21.11,33.57
2025-09-29 05:00:00,5,20.89,33.50
2025-09-29 05:00:00,10,20.89,33.50
2025-09-29 05:00:00,15,20.90,33.50
2025-09-29 05:00:00,20,20.90,33.50
2025-09-30 05:00:00,5,20.91,33.55
2025-09-30 05:00:00,10,20.91,33.54
2025-09-30 05:00:00,15,20.80,33.56
2025-09-30 05:00:00,20,20.76,33.61
2025-09-30 05:00:00,30,18.01,33.87
2025-10-01 05:00:00,5,20.51,33.58
2025-10-01 05:00:00,10,20.48,33.61
2025-10-01 05:00:00,15,20.37,33.64
2025-10-01 05:00:00,20,20.24,33.71
2025-10-01 05:00:00,30,19.96,33.72
2025-10-02 08:00:00,5,19.78,33.70
2025-10-02 08:00:00,10,19.77,33.70
2025-10-02 08:00:00,15,19.77,33.70
2025-10-02 08:00:00,20,19.77,33.70
2025-10-02 08:00:00,30,18.83,33.78
2025-10-03 05:00:00,5,20.15,33.63
2025-10-03 05:00:00,10,20.00,33.66
2025-10-03 05:00:00,15,19.74,33.70
2025-10-03 05:00:00,20,19.45,33.74
2025-10-03 06:00:00,5,19.77,33.75
2025-10-03 06:00:00,10,19.13,33.78
2025-10-03 06:00:00,15,18.93,33.79
2025-10-03 06:00:00,20,18.87,33.79
2025-10-03 06:00:00,30,18.69,33.80
2025-10-04 05:00:00,5,19.96,33.62
2025-10-04 05:00:00,10,19.89,33.64
2025-10-04 05:00:00,15,19.18,33.72
2025-10-04 05:00:00,20,18.93,33.79
2025-10-07 05:00:00,5,20.24,33.73
2025-10-07 05:00:00,10,20.22,33.73
2025-10-07 05:00:00,15,19.92,33.72
2025-10-07 05:00:00,20,20.44,33.79
2025-10-07 06:00:00,5,20.50,33.80
2025-10-07 06:00:00,10,20.35,33.82
2025-10-07 06:00:00,15,20.13,33.83
2025-10-07 06:00:00,20,20.07,33.83
2025-10-07 06:00:00,30,19.49,33.82
2025-10-08 05:00:00,5,18.95,33.70
2025-10-08 05:00:00,10,18.68,33.70
2025-10-08 05:00:00,15,18.51,33.72
2025-10-08 05:00:00,20,18.32,33.77
2025-10-08 05:00:00,30,17.10,33.79
2025-10-08 07:00:00,5,19.74,33.75
2025-10-08 07:00:00,10,19.58,33.76
2025-10-08 07:00:00,15,19.46,33.77
2025-10-08 07:00:00,20,19.47,33.76
2025-10-14 09:00:00,5,12.54,33.54
2025-10-14 09:00:00,10,12.53,33.54
2025-10-14 09:00:00,15,12.50,33.53
2025-10-14 09:00:00,20,12.49,33.53
2025-10-16 05:00:00,5,12.25,33.62
2025-10-16 05:00:00,10,12.24,33.62
2025-10-16 05:00:00,15,12.24,33.62
2025-10-16 05:00:00,20,12.23,33.62
2025-10-16 05:00:00,30,12.31,33.63
2025-10-16 06:00:00,5,10.85,32.98
2025-10-16 06:00:00,10,11.43,33.50
2025-10-16 06:00:00,15,11.36,33.53
2025-10-16 06:00:00,20,11.07,33.55
2025-10-16 06:00:00,30,10.12,33.66
2025-10-16 06:00:00,40,9.06,33.75
2025-10-16 07:00:00,5,13.06,33.62
2025-10-16 07:00:00,10,12.89,33.63
2025-10-16 07:00:00,15,12.51,33.66
2025-10-16 07:00:00,20,12.10,33.68
2025-10-18 05:00:00,5,12.79,33.56
2025-10-18 05:00:00,10,13.04,33.67
2025-10-18 05:00:00,15,13.03,33.68
2025-10-18 05:00:00,20,12.71,33.64
2025-10-21 06:00:00,5,12.29,33.20
2025-10-21 06:00:00,10,12.30,33.22
2025-10-21 06:00:00,15,12.21,33.21
2025-10-21 06:00:00,20,12.18,33.19
2025-10-22 09:00:00,5,11.85,33.59
2025-10-22 09:00:00,10,11.86,33.60
2025-10-22 09:00:00,15,11.87,33.61
2025-10-22 09:00:00,20,11.87,33.59
2025-10-23 05:00:00,5,12.52,33.63
2025-10-23 05:00:00,10,11.73,33.72
2025-10-23 05:00:00,15,10.61,33.82
2025-10-23 05:00:00,20,10.55,33.83
2025-10-24 06:00:00,5,11.92,33.61
2025-10-24 06:00:00,10,11.92,33.61
2025-10-24 06:00:00,15,11.93,33.61
2025-10-24 06:00:00,20,11.92,33.59
2025-10-25 05:00:00,5,12.33,33.73
2025-10-25 05:00:00,10,12.33,33.74
2025-10-25 05:00:00,15,12.35,33.74
2025-10-25 05:00:00,20,12.35,33.74
2025-10-30 09:00:00,5,12.01,33.94
2025-10-30 09:00:00,10,11.97,33.93
2025-10-30 09:00:00,15,11.96,33.91
2025-10-30 09:00:00,20,11.95,33.93
2025-10-31 09:00:00,5,12.23,33.90
2025-10-31 09:00:00,10,12.23,33.90
2025-10-31 09:00:00,15,12.22,33.90
2025-10-31 09:00:00,20,12.22,33.90
2025-11-04 06:00:00,5,11.64,33.74
2025-11-04 06:00:00,10,11.65,33.75
2025-11-04 06:00:00,15,11.64,33.75
2025-11-04 06:00:00,20,11.63,33.75
2025-11-05 06:00:00,5,10.46,33.75
2025-11-05 06:00:00,10,10.47,33.77
2025-11-05 06:00:00,15,10.47,33.77
2025-11-05 06:00:00,20,10.48,33.77
2025-11-05 07:00:00,5,10.48,33.78
2025-11-05 07:00:00,10,10.48,33.78
2025-11-05 07:00:00,15,10.48,33.78
2025-11-06 06:00:00,5,10.93,33.77
2025-11-06 06:00:00,10,10.74,33.80
2025-11-06 06:00:00,15,10.52,33.81
2025-11-06 06:00:00,20,10.49,33.79
2025-11-10 06:00:00,5,6.73,33.54
2025-11-10 06:00:00,10,6.69,33.54
2025-11-10 06:00:00,15,6.70,33.54
2025-11-10 06:00:00,20,6.63,33.54
2025-11-10 06:00:00,30,6.64,33.53
2025-11-10 06:00:00,40,6.24,33.54
2025-11-10 07:00:00,5,7.59,33.60
2025-11-10 07:00:00,10,7.57,33.61
2025-11-10 07:00:00,15,7.54,33.61
2025-11-10 07:00:00,20,7.31,33.62
2025-11-13 06:00:00,5,6.79,33.38
2025-11-13 06:00:00,10,6.47,33.54
2025-11-13 06:00:00,15,5.68,33.49
2025-11-13 06:00:00,20,5.52,33.48
2025-11-15 06:00:00,5,6.01,33.28
2025-11-15 06:00:00,10,6.41,33.42
2025-11-15 06:00:00,15,6.43,33.42
2025-11-15 06:00:00,20,6.45,33.43
2025-11-20 08:00:00,5,6.50,33.12
2025-11-20 08:00:00,10,6.51,33.13
2025-11-20 08:00:00,15,6.53,33.14
2025-11-20 08:00:00,20,6.56,33.15
2025-11-27 07:00:00,5,8.64,33.78
2025-11-27 07:00:00,10,8.68,33.78
2025-11-27 07:00:00,15,8.68,33.79
2025-11-27 07:00:00,20,8.68,33.78
